om_code,mp,events,valid_comparisons,available_records,iterations,first_advice_year,last_advice_year,first_comparison_year,last_comparison_year,advice_stock,raw_value
om11,tun29,0,12000,12500,500,2025,2049,2026,2049,CJM,0
om11,tun43,761,12000,12500,500,2025,2049,2026,2049,CJM,0.0634166666666667
om11,tun45,0,12000,12500,500,2025,2049,2026,2049,CJM,0
om11,tun47,577,12000,12500,500,2025,2049,2026,2049,CJM,0.0480833333333333
om11,tun32,0,12000,12500,500,2025,2049,2026,2049,CJM,0
om11,tun44,2075,12000,12500,500,2025,2049,2026,2049,CJM,0.172916666666667
om11,tun46,0,12000,12500,500,2025,2049,2026,2049,CJM,0
om11,tun48,1592,12000,12500,500,2025,2049,2026,2049,CJM,0.132666666666667
om11,fixedcatch,0,12000,12500,500,2025,2049,2026,2049,CJM,0
om11_1,tun29,0,12000,12500,500,2025,2049,2026,2049,CJM,0
om11_1,tun43,1165,12000,12500,500,2025,2049,2026,2049,CJM,0.0970833333333333
om11_1,tun45,0,12000,12500,500,2025,2049,2026,2049,CJM,0
om11_1,tun47,816,12000,12500,500,2025,2049,2026,2049,CJM,0.068
om11_1,tun32,0,12000,12500,500,2025,2049,2026,2049,CJM,0
om11_1,tun44,2296,12000,12500,500,2025,2049,2026,2049,CJM,0.191333333333333
om11_1,tun46,0,12000,12500,500,2025,2049,2026,2049,CJM,0
om11_1,tun48,1791,12000,12500,500,2025,2049,2026,2049,CJM,0.14925
om11_2,tun29,0,12000,12500,500,2025,2049,2026,2049,CJM,0
om11_2,tun43,977,12000,12500,500,2025,2049,2026,2049,CJM,0.0814166666666667
om11_2,tun45,0,12000,12500,500,2025,2049,2026,2049,CJM,0
om11_2,tun47,702,12000,12500,500,2025,2049,2026,2049,CJM,0.0585
om11_2,tun32,0,12000,12500,500,2025,2049,2026,2049,CJM,0
om11_2,tun44,2447,12000,12500,500,2025,2049,2026,2049,CJM,0.203916666666667
om11_2,tun46,0,12000,12500,500,2025,2049,2026,2049,CJM,0
om11_2,tun48,1873,12000,12500,500,2025,2049,2026,2049,CJM,0.156083333333333
om11_3,tun29,0,12000,12500,500,2025,2049,2026,2049,CJM,0
om11_3,tun43,987,12000,12500,500,2025,2049,2026,2049,CJM,0.08225
om11_3,tun45,0,12000,12500,500,2025,2049,2026,2049,CJM,0
om11_3,tun47,755,12000,12500,500,2025,2049,2026,2049,CJM,0.0629166666666667
om11_3,tun32,0,12000,12500,500,2025,2049,2026,2049,CJM,0
om11_3,tun44,2391,12000,12500,500,2025,2049,2026,2049,CJM,0.19925
om11_3,tun46,0,12000,12500,500,2025,2049,2026,2049,CJM,0
om11_3,tun48,1789,12000,12500,500,2025,2049,2026,2049,CJM,0.149083333333333
om12,tun29,0,12000,12500,500,2025,2049,2026,2049,CJM,0
om12,tun43,1104,12000,12500,500,2025,2049,2026,2049,CJM,0.092
om12,tun45,0,12000,12500,500,2025,2049,2026,2049,CJM,0
om12,tun47,841,12000,12500,500,2025,2049,2026,2049,CJM,0.0700833333333333
om12,tun32,0,12000,12500,500,2025,2049,2026,2049,CJM,0
om12,tun44,2652,12000,12500,500,2025,2049,2026,2049,CJM,0.221
om12,tun46,0,12000,12500,500,2025,2049,2026,2049,CJM,0
om12,tun48,2013,12000,12500,500,2025,2049,2026,2049,CJM,0.16775
om13,tun29,0,12000,12500,500,2025,2049,2026,2049,CJM,0
om13,tun43,495,12000,12500,500,2025,2049,2026,2049,CJM,0.04125
om13,tun45,0,12000,12500,500,2025,2049,2026,2049,CJM,0
om13,tun47,406,12000,12500,500,2025,2049,2026,2049,CJM,0.0338333333333333
om13,tun32,0,12000,12500,500,2025,2049,2026,2049,CJM,0
om13,tun44,1685,12000,12500,500,2025,2049,2026,2049,CJM,0.140416666666667
om13,tun46,0,12000,12500,500,2025,2049,2026,2049,CJM,0
om13,tun48,1361,12000,12500,500,2025,2049,2026,2049,CJM,0.113416666666667
om21_1,tun29,0,12000,12500,500,2025,2049,2026,2049,Southern,0
om21_1,tun43,22,12000,12500,500,2025,2049,2026,2049,Southern,0.00183333333333333
om21_1,tun45,0,12000,12500,500,2025,2049,2026,2049,Southern,0
om21_1,tun47,17,12000,12500,500,2025,2049,2026,2049,Southern,0.00141666666666667
om21_1,tun32,0,12000,12500,500,2025,2049,2026,2049,Southern,0
om21_1,tun44,1528,12000,12500,500,2025,2049,2026,2049,Southern,0.127333333333333
om21_1,tun46,0,12000,12500,500,2025,2049,2026,2049,Southern,0
om21_1,tun48,1123,12000,12500,500,2025,2049,2026,2049,Southern,0.0935833333333333
om21,tun29,0,12000,12500,500,2025,2049,2026,2049,Southern,0
om21,tun43,24,12000,12500,500,2025,2049,2026,2049,Southern,0.002
om21,tun45,0,12000,12500,500,2025,2049,2026,2049,Southern,0
om21,tun47,19,12000,12500,500,2025,2049,2026,2049,Southern,0.00158333333333333
om21,tun32,0,12000,12500,500,2025,2049,2026,2049,Southern,0
om21,tun44,1398,12000,12500,500,2025,2049,2026,2049,Southern,0.1165
om21,tun46,0,12000,12500,500,2025,2049,2026,2049,Southern,0
om21,tun48,984,12000,12500,500,2025,2049,2026,2049,Southern,0.082
om22,tun29,0,12000,12500,500,2025,2049,2026,2049,Southern,0
om22,tun43,33,12000,12500,500,2025,2049,2026,2049,Southern,0.00275
om22,tun45,0,12000,12500,500,2025,2049,2026,2049,Southern,0
om22,tun47,24,12000,12500,500,2025,2049,2026,2049,Southern,0.002
om22,tun32,0,12000,12500,500,2025,2049,2026,2049,Southern,0
om22,tun44,1730,12000,12500,500,2025,2049,2026,2049,Southern,0.144166666666667
om22,tun46,0,12000,12500,500,2025,2049,2026,2049,Southern,0
om22,tun48,1276,12000,12500,500,2025,2049,2026,2049,Southern,0.106333333333333
om23,tun29,0,12000,12500,500,2025,2049,2026,2049,Southern,0
om23,tun43,9,12000,12500,500,2025,2049,2026,2049,Southern,0.00075
om23,tun45,0,12000,12500,500,2025,2049,2026,2049,Southern,0
om23,tun47,9,12000,12500,500,2025,2049,2026,2049,Southern,0.00075
om23,tun32,0,12000,12500,500,2025,2049,2026,2049,Southern,0
om23,tun44,645,12000,12500,500,2025,2049,2026,2049,Southern,0.05375
om23,tun46,0,12000,12500,500,2025,2049,2026,2049,Southern,0
om23,tun48,441,12000,12500,500,2025,2049,2026,2049,Southern,0.03675
