year,iter,data,metric
2025,37,8593.12324912998,SSB (thousand t)
2026,37,9102.28554039775,SSB (thousand t)
2027,37,9358.31893570148,SSB (thousand t)
2028,37,10562.9635223079,SSB (thousand t)
2029,37,12230.0349097396,SSB (thousand t)
2030,37,13327.5587988102,SSB (thousand t)
2031,37,13361.5257327344,SSB (thousand t)
2032,37,12529.0206809381,SSB (thousand t)
2033,37,11492.1370481232,SSB (thousand t)
2034,37,11454.0166680252,SSB (thousand t)
2035,37,11080.415600489,SSB (thousand t)
2036,37,10735.7645541701,SSB (thousand t)
2037,37,12108.6391177804,SSB (thousand t)
2038,37,13534.5039599415,SSB (thousand t)
2039,37,14313.6819719471,SSB (thousand t)
2040,37,15136.3668733017,SSB (thousand t)
2041,37,16712.2659775052,SSB (thousand t)
2042,37,18934.665283172,SSB (thousand t)
2043,37,20645.7416364767,SSB (thousand t)
2044,37,21152.7062946197,SSB (thousand t)
2045,37,20761.7589233278,SSB (thousand t)
2046,37,19849.0520737564,SSB (thousand t)
2047,37,18802.8192619282,SSB (thousand t)
2048,37,17649.9422145331,SSB (thousand t)
2049,37,17133.152280354,SSB (thousand t)
2050,37,16847.4671118457,SSB (thousand t)
2025,65,7734.49472637435,SSB (thousand t)
2026,65,7934.90010487945,SSB (thousand t)
2027,65,7420.25726669396,SSB (thousand t)
2028,65,7515.48988596293,SSB (thousand t)
2029,65,8162.36230738996,SSB (thousand t)
2030,65,10090.0180595076,SSB (thousand t)
2031,65,12826.4994441799,SSB (thousand t)
2032,65,14678.9807174197,SSB (thousand t)
2033,65,14821.9081324287,SSB (thousand t)
2034,65,14986.0388478573,SSB (thousand t)
2035,65,15682.5677512575,SSB (thousand t)
2036,65,16108.2911885959,SSB (thousand t)
2037,65,15380.6432813589,SSB (thousand t)
2038,65,14366.9931145636,SSB (thousand t)
2039,65,13672.626090304,SSB (thousand t)
2040,65,13249.164933134,SSB (thousand t)
2041,65,13246.5467748091,SSB (thousand t)
2042,65,14198.721553115,SSB (thousand t)
2043,65,15355.8645435651,SSB (thousand t)
2044,65,15848.036365894,SSB (thousand t)
2045,65,16472.2892017307,SSB (thousand t)
2046,65,16686.0762655724,SSB (thousand t)
2047,65,16121.0976135117,SSB (thousand t)
2048,65,15626.3076486856,SSB (thousand t)
2049,65,15611.5493649361,SSB (thousand t)
2050,65,15663.3124590077,SSB (thousand t)
2025,110,9634.882166157,SSB (thousand t)
2026,110,10681.5121913985,SSB (thousand t)
2027,110,10584.4439115033,SSB (thousand t)
2028,110,10617.3536794617,SSB (thousand t)
2029,110,10394.1397366884,SSB (thousand t)
2030,110,9926.55334815155,SSB (thousand t)
2031,110,10353.6697564591,SSB (thousand t)
2032,110,11063.475498171,SSB (thousand t)
2033,110,11581.9124689114,SSB (thousand t)
2034,110,12731.3173600314,SSB (thousand t)
2035,110,13491.9177601942,SSB (thousand t)
2036,110,14143.7566924887,SSB (thousand t)
2037,110,16082.1451749457,SSB (thousand t)
2038,110,19251.2322452684,SSB (thousand t)
2039,110,21607.8307512506,SSB (thousand t)
2040,110,21870.1185290905,SSB (thousand t)
2041,110,21942.2713440289,SSB (thousand t)
2042,110,22304.375183253,SSB (thousand t)
2043,110,21996.7580993505,SSB (thousand t)
2044,110,20558.0684048461,SSB (thousand t)
2045,110,18578.2219429017,SSB (thousand t)
2046,110,16778.9375394955,SSB (thousand t)
2047,110,15338.7422146276,SSB (thousand t)
2048,110,13397.7452278134,SSB (thousand t)
2049,110,11428.8771787931,SSB (thousand t)
2050,110,9605.84575840404,SSB (thousand t)
2025,151,6742.27315938003,SSB (thousand t)
2026,151,6351.73677743739,SSB (thousand t)
2027,151,5143.0856798642,SSB (thousand t)
2028,151,4152.91866883944,SSB (thousand t)
2029,151,3166.80023780453,SSB (thousand t)
2030,151,2159.92228344817,SSB (thousand t)
2031,151,1493.58702698132,SSB (thousand t)
2032,151,1403.10852013183,SSB (thousand t)
2033,151,1398.60179077157,SSB (thousand t)
2034,151,1554.62258559682,SSB (thousand t)
2035,151,1617.23000509034,SSB (thousand t)
2036,151,1563.13263178425,SSB (thousand t)
2037,151,1576.5039095687,SSB (thousand t)
2038,151,1544.46772893278,SSB (thousand t)
2039,151,1306.4579397788,SSB (thousand t)
2040,151,1019.92460397377,SSB (thousand t)
2041,151,799.661634041918,SSB (thousand t)
2042,151,635.129171171093,SSB (thousand t)
2043,151,518.196505765355,SSB (thousand t)
2044,151,375.357413784401,SSB (thousand t)
2045,151,302.16558430309,SSB (thousand t)
2046,151,225.739008171322,SSB (thousand t)
2047,151,187.907811310876,SSB (thousand t)
2048,151,179.703298518593,SSB (thousand t)
2049,151,164.892653619405,SSB (thousand t)
2050,151,145.265034687406,SSB (thousand t)
2025,158,7236.77187172129,SSB (thousand t)
2026,158,6323.32308106946,SSB (thousand t)
2027,158,5740.62495298593,SSB (thousand t)
2028,158,5747.25139252262,SSB (thousand t)
2029,158,5621.87077464003,SSB (thousand t)
2030,158,5313.87642754642,SSB (thousand t)
2031,158,5312.89811501364,SSB (thousand t)
2032,158,5413.43625584991,SSB (thousand t)
2033,158,6147.8859623957,SSB (thousand t)
2034,158,7344.09437309352,SSB (thousand t)
2035,158,7369.82500132258,SSB (thousand t)
2036,158,6552.08924242096,SSB (thousand t)
2037,158,6023.98735793653,SSB (thousand t)
2038,158,6984.48079568595,SSB (thousand t)
2039,158,8334.42554680676,SSB (thousand t)
2040,158,8787.28009984744,SSB (thousand t)
2041,158,8353.14264877556,SSB (thousand t)
2042,158,7757.1122829563,SSB (thousand t)
2043,158,7395.93472197187,SSB (thousand t)
2044,158,7398.31989945242,SSB (thousand t)
2045,158,7441.34018039719,SSB (thousand t)
2046,158,7437.11390906764,SSB (thousand t)
2047,158,7519.79519236238,SSB (thousand t)
2048,158,7336.98684538775,SSB (thousand t)
2049,158,7218.34191678298,SSB (thousand t)
2050,158,6829.74361276266,SSB (thousand t)
2025,165,7753.47260672735,SSB (thousand t)
2026,165,7433.7678224042,SSB (thousand t)
2027,165,6919.62200872932,SSB (thousand t)
2028,165,6753.79143669629,SSB (thousand t)
2029,165,6831.91395681345,SSB (thousand t)
2030,165,6922.96457977913,SSB (thousand t)
2031,165,6804.15655440455,SSB (thousand t)
2032,165,7546.25136878521,SSB (thousand t)
2033,165,8676.42250415415,SSB (thousand t)
2034,165,10350.7208247402,SSB (thousand t)
2035,165,10740.344175857,SSB (thousand t)
2036,165,10532.8600365467,SSB (thousand t)
2037,165,10195.632265391,SSB (thousand t)
2038,165,9351.35200631087,SSB (thousand t)
2039,165,8282.65993741261,SSB (thousand t)
2040,165,7513.82429087855,SSB (thousand t)
2041,165,6888.91389058003,SSB (thousand t)
2042,165,6471.98610929975,SSB (thousand t)
2043,165,6551.3299017684,SSB (thousand t)
2044,165,6772.07420117111,SSB (thousand t)
2045,165,6994.93040550345,SSB (thousand t)
2046,165,7388.9402144946,SSB (thousand t)
2047,165,8574.09297728453,SSB (thousand t)
2048,165,11294.5237328532,SSB (thousand t)
2049,165,15865.6397755927,SSB (thousand t)
2050,165,19415.0235387953,SSB (thousand t)
2025,177,8041.24231146839,SSB (thousand t)
2026,177,8228.25575777375,SSB (thousand t)
2027,177,9283.82784224287,SSB (thousand t)
2028,177,10637.1948114867,SSB (thousand t)
2029,177,11682.4972446341,SSB (thousand t)
2030,177,13057.6708229735,SSB (thousand t)
2031,177,14219.2540688138,SSB (thousand t)
2032,177,15325.8510554047,SSB (thousand t)
2033,177,16661.6853750063,SSB (thousand t)
2034,177,17981.9098402163,SSB (thousand t)
2035,177,18736.7765994872,SSB (thousand t)
2036,177,19670.6717668747,SSB (thousand t)
2037,177,19861.5596116746,SSB (thousand t)
2038,177,19372.7275313934,SSB (thousand t)
2039,177,18460.8351056947,SSB (thousand t)
2040,177,17038.5667640536,SSB (thousand t)
2041,177,15895.61837893,SSB (thousand t)
2042,177,14867.6518982963,SSB (thousand t)
2043,177,14409.0844377791,SSB (thousand t)
2044,177,13605.6894924741,SSB (thousand t)
2045,177,12885.263633205,SSB (thousand t)
2046,177,13285.9996141092,SSB (thousand t)
2047,177,14894.8171510514,SSB (thousand t)
2048,177,15800.6869338514,SSB (thousand t)
2049,177,15513.9688821931,SSB (thousand t)
2050,177,14872.4736694247,SSB (thousand t)
2025,186,7859.93258500356,SSB (thousand t)
2026,186,8172.23209046121,SSB (thousand t)
2027,186,8785.70262829673,SSB (thousand t)
2028,186,8967.51733085,SSB (thousand t)
2029,186,8819.23530201212,SSB (thousand t)
2030,186,8593.62301431549,SSB (thousand t)
2031,186,9218.84378694688,SSB (thousand t)
2032,186,10946.6997168568,SSB (thousand t)
2033,186,11486.1039884085,SSB (thousand t)
2034,186,11369.6190724445,SSB (thousand t)
2035,186,11183.504104768,SSB (thousand t)
2036,186,11885.5436768674,SSB (thousand t)
2037,186,12972.84730514,SSB (thousand t)
2038,186,14183.1275341914,SSB (thousand t)
2039,186,15019.3424818733,SSB (thousand t)
2040,186,14588.7175112762,SSB (thousand t)
2041,186,13722.7731561285,SSB (thousand t)
2042,186,13192.436454754,SSB (thousand t)
2043,186,12653.245789889,SSB (thousand t)
2044,186,11610.6154684714,SSB (thousand t)
2045,186,10562.9014945467,SSB (thousand t)
2046,186,10087.1732205697,SSB (thousand t)
2047,186,10753.985296645,SSB (thousand t)
2048,186,11617.7986861044,SSB (thousand t)
2049,186,11553.9142298246,SSB (thousand t)
2050,186,11386.8242738576,SSB (thousand t)
2025,246,8847.56725195435,SSB (thousand t)
2026,246,12528.3604629358,SSB (thousand t)
2027,246,16119.5407286492,SSB (thousand t)
2028,246,17096.6548666425,SSB (thousand t)
2029,246,16908.4966198012,SSB (thousand t)
2030,246,16619.9838127809,SSB (thousand t)
2031,246,16331.2085435317,SSB (thousand t)
2032,246,15389.9786476,SSB (thousand t)
2033,246,13741.9535467948,SSB (thousand t)
2034,246,12385.7858005896,SSB (thousand t)
2035,246,10600.0166401597,SSB (thousand t)
2036,246,8862.10091393926,SSB (thousand t)
2037,246,7189.00984757249,SSB (thousand t)
2038,246,5745.65072754853,SSB (thousand t)
2039,246,4687.90262724795,SSB (thousand t)
2040,246,3792.61589192994,SSB (thousand t)
2041,246,3197.2321249705,SSB (thousand t)
2042,246,2618.90782281852,SSB (thousand t)
2043,246,2223.091806913,SSB (thousand t)
2044,246,1944.95662478519,SSB (thousand t)
2045,246,1624.60750183427,SSB (thousand t)
2046,246,1305.51135202548,SSB (thousand t)
2047,246,1107.28149373351,SSB (thousand t)
2048,246,921.033186053793,SSB (thousand t)
2049,246,880.707034904345,SSB (thousand t)
2050,246,834.875313761655,SSB (thousand t)
2025,327,6418.0774926786,SSB (thousand t)
2026,327,7480.35169110609,SSB (thousand t)
2027,327,8262.90831947255,SSB (thousand t)
2028,327,8876.94235614077,SSB (thousand t)
2029,327,9623.65235636947,SSB (thousand t)
2030,327,9954.83167559474,SSB (thousand t)
2031,327,10097.2780022547,SSB (thousand t)
2032,327,10473.5801949712,SSB (thousand t)
2033,327,10860.3677808234,SSB (thousand t)
2034,327,11571.2154282741,SSB (thousand t)
2035,327,11677.5822069865,SSB (thousand t)
2036,327,12120.8256247824,SSB (thousand t)
2037,327,13901.9343955821,SSB (thousand t)
2038,327,17090.258069359,SSB (thousand t)
2039,327,19779.6168838769,SSB (thousand t)
2040,327,21051.8042255035,SSB (thousand t)
2041,327,21629.2669067095,SSB (thousand t)
2042,327,24695.4884653421,SSB (thousand t)
2043,327,28836.4588782311,SSB (thousand t)
2044,327,33026.3477571919,SSB (thousand t)
2045,327,36048.317133825,SSB (thousand t)
2046,327,36701.3347990327,SSB (thousand t)
2047,327,36656.2839122026,SSB (thousand t)
2048,327,36639.9984808061,SSB (thousand t)
2049,327,36083.9508773499,SSB (thousand t)
2050,327,35036.0269946266,SSB (thousand t)
2025,344,8341.1219780227,SSB (thousand t)
2026,344,8323.86823586721,SSB (thousand t)
2027,344,7758.84527645594,SSB (thousand t)
2028,344,7799.70925872234,SSB (thousand t)
2029,344,8086.66333035118,SSB (thousand t)
2030,344,8294.07682880699,SSB (thousand t)
2031,344,8847.44450931348,SSB (thousand t)
2032,344,9157.40287614074,SSB (thousand t)
2033,344,8795.16746276789,SSB (thousand t)
2034,344,9039.27476360501,SSB (thousand t)
2035,344,9758.88590666352,SSB (thousand t)
2036,344,10801.8466329762,SSB (thousand t)
2037,344,12395.9109398575,SSB (thousand t)
2038,344,13658.6440488105,SSB (thousand t)
2039,344,13713.1765054361,SSB (thousand t)
2040,344,13841.187245882,SSB (thousand t)
2041,344,15003.5265800877,SSB (thousand t)
2042,344,16679.6247724739,SSB (thousand t)
2043,344,18935.7028293107,SSB (thousand t)
2044,344,20594.1743013779,SSB (thousand t)
2045,344,20855.7947211162,SSB (thousand t)
2046,344,20817.7419308448,SSB (thousand t)
2047,344,22221.3242646844,SSB (thousand t)
2048,344,24219.0629361447,SSB (thousand t)
2049,344,24893.9162856651,SSB (thousand t)
2050,344,25815.654808212,SSB (thousand t)
2025,348,6263.92727977176,SSB (thousand t)
2026,348,6338.14610105824,SSB (thousand t)
2027,348,6251.66651116287,SSB (thousand t)
2028,348,7055.85164991957,SSB (thousand t)
2029,348,9105.30539316578,SSB (thousand t)
2030,348,10635.3530602509,SSB (thousand t)
2031,348,10971.0546579741,SSB (thousand t)
2032,348,11243.6629734592,SSB (thousand t)
2033,348,11250.9309988674,SSB (thousand t)
2034,348,11351.2454580648,SSB (thousand t)
2035,348,11626.6203518936,SSB (thousand t)
2036,348,12094.0930219011,SSB (thousand t)
2037,348,12064.1724571345,SSB (thousand t)
2038,348,12679.0411386722,SSB (thousand t)
2039,348,14069.4598918843,SSB (thousand t)
2040,348,14993.5590216324,SSB (thousand t)
2041,348,15113.7411963456,SSB (thousand t)
2042,348,14891.5093911088,SSB (thousand t)
2043,348,14410.2313394622,SSB (thousand t)
2044,348,13407.3695844822,SSB (thousand t)
2045,348,11877.0311681271,SSB (thousand t)
2046,348,10543.8473737113,SSB (thousand t)
2047,348,9475.40478118745,SSB (thousand t)
2048,348,8426.08262746164,SSB (thousand t)
2049,348,7771.12181716596,SSB (thousand t)
2050,348,7528.51670613256,SSB (thousand t)
2025,367,7127.3628316359,SSB (thousand t)
2026,367,7083.80451057581,SSB (thousand t)
2027,367,6873.06005726993,SSB (thousand t)
2028,367,6826.62994280657,SSB (thousand t)
2029,367,6511.82992473107,SSB (thousand t)
2030,367,6061.76514153163,SSB (thousand t)
2031,367,5786.92986951179,SSB (thousand t)
2032,367,5717.21963628327,SSB (thousand t)
2033,367,5479.5482064424,SSB (thousand t)
2034,367,5068.7226945749,SSB (thousand t)
2035,367,4419.19424888275,SSB (thousand t)
2036,367,3655.49064998283,SSB (thousand t)
2037,367,2807.48199303089,SSB (thousand t)
2038,367,2048.67917703191,SSB (thousand t)
2039,367,1965.81475590715,SSB (thousand t)
2040,367,2233.66495492679,SSB (thousand t)
2041,367,2365.25362601816,SSB (thousand t)
2042,367,2367.53307599926,SSB (thousand t)
2043,367,2176.12479813389,SSB (thousand t)
2044,367,2034.34458249658,SSB (thousand t)
2045,367,2275.28179891718,SSB (thousand t)
2046,367,2684.20141198432,SSB (thousand t)
2047,367,2710.86638070086,SSB (thousand t)
2048,367,2440.35724215205,SSB (thousand t)
2049,367,2169.15413481459,SSB (thousand t)
2050,367,2328.06850684968,SSB (thousand t)
2025,397,7216.38347223923,SSB (thousand t)
2026,397,7062.32346217313,SSB (thousand t)
2027,397,6764.26177172501,SSB (thousand t)
2028,397,6685.79254489264,SSB (thousand t)
2029,397,6302.9538155018,SSB (thousand t)
2030,397,5661.78311123528,SSB (thousand t)
2031,397,4952.04919526366,SSB (thousand t)
2032,397,4699.01176293493,SSB (thousand t)
2033,397,4409.58929114034,SSB (thousand t)
2034,397,4282.90793706272,SSB (thousand t)
2035,397,3867.54770885884,SSB (thousand t)
2036,397,3484.74571255594,SSB (thousand t)
2037,397,3312.35588322091,SSB (thousand t)
2038,397,3089.14695597864,SSB (thousand t)
2039,397,2663.65357077896,SSB (thousand t)
2040,397,2076.43877033791,SSB (thousand t)
2041,397,2188.67080211228,SSB (thousand t)
2042,397,3084.7574081062,SSB (thousand t)
2043,397,5724.16579717355,SSB (thousand t)
2044,397,8544.52658085666,SSB (thousand t)
2045,397,10130.4250285939,SSB (thousand t)
2046,397,10876.1709669146,SSB (thousand t)
2047,397,11565.2138404195,SSB (thousand t)
2048,397,12521.9591806279,SSB (thousand t)
2049,397,13023.601216361,SSB (thousand t)
2050,397,13169.5955376998,SSB (thousand t)
2025,498,6629.64153376063,SSB (thousand t)
2026,498,6122.9736460218,SSB (thousand t)
2027,498,5776.29844223486,SSB (thousand t)
2028,498,6557.43454492928,SSB (thousand t)
2029,498,7801.34804562879,SSB (thousand t)
2030,498,8241.14856083201,SSB (thousand t)
2031,498,7876.81662456953,SSB (thousand t)
2032,498,7399.6671620872,SSB (thousand t)
2033,498,6728.52225534763,SSB (thousand t)
2034,498,6025.79975002525,SSB (thousand t)
2035,498,5262.20925648553,SSB (thousand t)
2036,498,5396.6699087353,SSB (thousand t)
2037,498,6289.67341959591,SSB (thousand t)
2038,498,7577.14590715233,SSB (thousand t)
2039,498,8322.15301826923,SSB (thousand t)
2040,498,8533.15700730984,SSB (thousand t)
2041,498,8707.07864870364,SSB (thousand t)
2042,498,9034.5497758993,SSB (thousand t)
2043,498,9383.09905290327,SSB (thousand t)
2044,498,9074.11931302883,SSB (thousand t)
2045,498,8836.77334198666,SSB (thousand t)
2046,498,8990.26845053403,SSB (thousand t)
2047,498,9795.83972273115,SSB (thousand t)
2048,498,10636.2237028183,SSB (thousand t)
2049,498,11058.3035436522,SSB (thousand t)
2050,498,11283.1441871143,SSB (thousand t)
