set,om,biol,code,statistic,median,q25,q75,CMP
reference,h1_0.16,CJM,tun29,SBMSY,1.51678317188188,0.842013146415439,2.4203319152517,HS+20
reference,h1_0.16,CJM,tun29,C,1894.66571853511,1196.53105219288,1999.99998704163,HS+20
reference,h1_0.16,CJM,tun29,IACC,3.48211570840829,5.32021816046502e-07,10.4704931749695,HS+20
reference,h1_0.16,CJM,tun43,SBMSY,1.47262518182246,0.796718742536709,2.38786923147252,HS-20
reference,h1_0.16,CJM,tun43,C,1904.77982369591,1128.66533472531,1999.99998667802,HS-20
reference,h1_0.16,CJM,tun43,IACC,3.49955563884474,5.29327675025115e-07,10.5446144293529,HS-20
reference,h1_0.16,CJM,tun45,SBMSY,1.49020376631955,0.819302662313497,2.41897037669466,HSsym
reference,h1_0.16,CJM,tun45,C,1902.54937963254,1157.68033863985,1999.99998709588,HSsym
reference,h1_0.16,CJM,tun45,IACC,3.26995301199252,5.4142118122158e-07,10.0552403038314,HSsym
reference,h1_0.16,CJM,tun47,SBMSY,1.49237307485411,0.82369124545267,2.39326691583765,HS-30
reference,h1_0.16,CJM,tun47,C,1904.41501969218,1175.35217521103,1999.99998701854,HS-30
reference,h1_0.16,CJM,tun47,IACC,3.93423935716901,5.3996632276565e-07,11.016340109807,HS-30
reference,h1_0.16,CJM,tun32,SBMSY,1.45313761182676,0.86433173801275,2.16276519577236,PR+20
reference,h1_0.16,CJM,tun32,C,1898.80508827676,1151.60510718222,2496.58719184298,PR+20
reference,h1_0.16,CJM,tun32,IACC,9.68833918307611,6.48285263796435,14.0424754406706,PR+20
reference,h1_0.16,CJM,tun44,SBMSY,1.47147369503474,0.890999441973111,2.19292848139813,PR-20
reference,h1_0.16,CJM,tun44,C,1963.72768570653,1106.27606341277,2591.57504536478,PR-20
reference,h1_0.16,CJM,tun44,IACC,10.1863220301742,6.53821555915791,14.3171291605495,PR-20
reference,h1_0.16,CJM,tun46,SBMSY,1.4629970092257,0.886872901412062,2.19652225557051,PRsym
reference,h1_0.16,CJM,tun46,C,1940.82546125544,1128.49961607294,2548.42761486259,PRsym
reference,h1_0.16,CJM,tun46,IACC,9.66955451790976,6.50711036080113,13.0910373489429,PRsym
reference,h1_0.16,CJM,tun48,SBMSY,1.45060361138065,0.911899997312053,2.13855851491575,PR-30
reference,h1_0.16,CJM,tun48,C,1877.72825605893,1077.4073597957,2522.01657672696,PR-30
reference,h1_0.16,CJM,tun48,IACC,10.4712614188724,6.43690088194379,16.9517101180254,PR-30
robustness,h1_0.16_selex,CJM,tun29,SBMSY,1.10885303105028,0.268580756774383,2.10000924236868,HS+20
robustness,h1_0.16_selex,CJM,tun29,C,1941.08832594168,807.874085689009,2038.21163860465,HS+20
robustness,h1_0.16_selex,CJM,tun29,IACC,2.57211764060184,1.42833592598645,10.0628813474731,HS+20
robustness,h1_0.16_selex,CJM,tun43,SBMSY,1.0753766797731,0.215200420971214,2.0699342734052,HS-20
robustness,h1_0.16_selex,CJM,tun43,C,1948.45941583619,693.253407214447,2039.01868313064,HS-20
robustness,h1_0.16_selex,CJM,tun43,IACC,2.30018099731053,1.40620890952489,10.0679112205341,HS-20
robustness,h1_0.16_selex,CJM,tun45,SBMSY,1.12387241641953,0.215759122074787,2.10596009771808,HSsym
robustness,h1_0.16_selex,CJM,tun45,C,1952.30341243969,786.538109293402,2038.7627233031,HSsym
robustness,h1_0.16_selex,CJM,tun45,IACC,2.32939075501328,1.41124395944801,10.0397196687953,HSsym
robustness,h1_0.16_selex,CJM,tun47,SBMSY,1.09521883137653,0.297364494627902,2.06616213504951,HS-30
robustness,h1_0.16_selex,CJM,tun47,C,1951.27383336785,775.829347223584,2038.79084387688,HS-30
robustness,h1_0.16_selex,CJM,tun47,IACC,2.47854010341855,1.42099520015985,10.7893811506852,HS-30
robustness,h1_0.16_selex,CJM,tun32,SBMSY,1.0038101617718,0.345953566365618,1.69318492175603,PR+20
robustness,h1_0.16_selex,CJM,tun32,C,1878.86197029691,956.230720728033,2520.77631214219,PR+20
robustness,h1_0.16_selex,CJM,tun32,IACC,10.0505541927049,6.15924120444899,15.0169084052296,PR+20
robustness,h1_0.16_selex,CJM,tun44,SBMSY,1.06125404866982,0.456035033975016,1.73335703752359,PR-20
robustness,h1_0.16_selex,CJM,tun44,C,1990.40762758949,945.405052822817,2700.92299234586,PR-20
robustness,h1_0.16_selex,CJM,tun44,IACC,10.4370136558304,6.42838586356505,15.3980352534687,PR-20
robustness,h1_0.16_selex,CJM,tun46,SBMSY,1.03708639295635,0.407617418090658,1.73903665597452,PRsym
robustness,h1_0.16_selex,CJM,tun46,C,1947.43519974576,955.099140704169,2639.72128403457,PRsym
robustness,h1_0.16_selex,CJM,tun46,IACC,10.1076722069609,6.25344282521597,14.0716112055879,PRsym
robustness,h1_0.16_selex,CJM,tun48,SBMSY,0.997312491385502,0.450270147985478,1.66328532211677,PR-30
robustness,h1_0.16_selex,CJM,tun48,C,1875.42633871927,849.708999320739,2575.36038636147,PR-30
robustness,h1_0.16_selex,CJM,tun48,IACC,10.639004979684,6.31919646138536,17.3808701148405,PR-30
robustness,h1_0.16_lowrec,CJM,tun29,SBMSY,1.12610664711449,0.648861648294231,1.74639863979504,HS+20
robustness,h1_0.16_lowrec,CJM,tun29,C,1492.88207436979,984.424456255648,1956.7842070606,HS+20
robustness,h1_0.16_lowrec,CJM,tun29,IACC,8.87782336056823,3.99035487887972,12.3915746842577,HS+20
robustness,h1_0.16_lowrec,CJM,tun43,SBMSY,1.1063615279469,0.620308979168843,1.7085040304337,HS-20
robustness,h1_0.16_lowrec,CJM,tun43,C,1429.42784096699,922.068740764279,1972.53532745105,HS-20
robustness,h1_0.16_lowrec,CJM,tun43,IACC,8.94732256588016,3.3605465863512,12.4384351576997,HS-20
robustness,h1_0.16_lowrec,CJM,tun45,SBMSY,1.12201056764393,0.625449904672195,1.73294876957496,HSsym
robustness,h1_0.16_lowrec,CJM,tun45,C,1455.52104136795,958.375023466722,1972.22200156104,HSsym
robustness,h1_0.16_lowrec,CJM,tun45,IACC,8.71991510680601,3.70013134297285,11.8726956370784,HSsym
robustness,h1_0.16_lowrec,CJM,tun47,SBMSY,1.13660986908918,0.685143995889636,1.71218622066465,HS-30
robustness,h1_0.16_lowrec,CJM,tun47,C,1458.32591051179,973.402113093763,1961.05061633949,HS-30
robustness,h1_0.16_lowrec,CJM,tun47,IACC,9.33575317894182,4.00203106279399,13.1241822938296,HS-30
robustness,h1_0.16_lowrec,CJM,tun32,SBMSY,1.20066469306168,0.762215315657176,1.7388530129048,PR+20
robustness,h1_0.16_lowrec,CJM,tun32,C,1414.58748097687,880.685853822221,1969.13440431434,PR+20
robustness,h1_0.16_lowrec,CJM,tun32,IACC,12.3925387184373,8.37843502158276,15.1594537967011,PR+20
robustness,h1_0.16_lowrec,CJM,tun44,SBMSY,1.2447817849895,0.803313160914088,1.75645739260568,PR-20
robustness,h1_0.16_lowrec,CJM,tun44,C,1417.98426503494,848.744347232768,2038.31775203685,PR-20
robustness,h1_0.16_lowrec,CJM,tun44,IACC,12.5949359662136,8.27029601160272,15.6556029724693,PR-20
robustness,h1_0.16_lowrec,CJM,tun46,SBMSY,1.18958865999037,0.777577594437481,1.76153382090761,PRsym
robustness,h1_0.16_lowrec,CJM,tun46,C,1459.31244685957,884.270470272584,2007.41664247168,PRsym
robustness,h1_0.16_lowrec,CJM,tun46,IACC,11.5792552161862,8.12349924150857,14.0832745017987,PRsym
robustness,h1_0.16_lowrec,CJM,tun48,SBMSY,1.26636211493382,0.842760492875719,1.76727042579992,PR-30
robustness,h1_0.16_lowrec,CJM,tun48,C,1306.61567806087,797.777245767682,1966.88465358702,PR-30
robustness,h1_0.16_lowrec,CJM,tun48,IACC,14.3754660326408,8.75646571838704,18.4473223009525,PR-30
robustness,h1_0.16_cycle,CJM,tun29,SBMSY,1.04421437018315,0.559016968150215,1.78610425045236,HS+20
robustness,h1_0.16_cycle,CJM,tun29,C,1612.89052969801,957.10764446951,2031.85691409112,HS+20
robustness,h1_0.16_cycle,CJM,tun29,IACC,7.31587147924047,1.92774052542093,11.4968124735002,HS+20
robustness,h1_0.16_cycle,CJM,tun43,SBMSY,1.01612959049799,0.520413495102406,1.75626885386568,HS-20
robustness,h1_0.16_cycle,CJM,tun43,C,1581.47373690225,891.829156526189,2033.06799308772,HS-20
robustness,h1_0.16_cycle,CJM,tun43,IACC,7.18704340400241,1.92506942326757,11.5829197264028,HS-20
robustness,h1_0.16_cycle,CJM,tun45,SBMSY,1.04576783287073,0.544191188835443,1.79265378600688,HSsym
robustness,h1_0.16_cycle,CJM,tun45,C,1600.22884173205,939.794410406767,2032.43160356663,HSsym
robustness,h1_0.16_cycle,CJM,tun45,IACC,7.04966497350257,1.93200706071437,11.0429327338675,HSsym
robustness,h1_0.16_cycle,CJM,tun47,SBMSY,1.02407464847882,0.548974567727268,1.76251305598146,HS-30
robustness,h1_0.16_cycle,CJM,tun47,C,1602.59041163484,953.631510663095,2032.75528101319,HS-30
robustness,h1_0.16_cycle,CJM,tun47,IACC,7.66238222507597,1.95737431523729,12.3386735615099,HS-30
robustness,h1_0.16_cycle,CJM,tun32,SBMSY,1.10839577971137,0.667599114436841,1.68267859986274,PR+20
robustness,h1_0.16_cycle,CJM,tun32,C,1564.01156242945,851.731258638967,2261.3948391771,PR+20
robustness,h1_0.16_cycle,CJM,tun32,IACC,11.1362247967941,7.65231082751738,14.4477158302215,PR+20
robustness,h1_0.16_cycle,CJM,tun44,SBMSY,1.11104219521513,0.687697109411567,1.7191796565569,PR-20
robustness,h1_0.16_cycle,CJM,tun44,C,1591.22953121541,846.075485053677,2343.5044685005,PR-20
robustness,h1_0.16_cycle,CJM,tun44,IACC,11.480268733505,7.7633644796767,14.9639533952343,PR-20
robustness,h1_0.16_cycle,CJM,tun46,SBMSY,1.11230163447363,0.668941089204282,1.70858155621312,PRsym
robustness,h1_0.16_cycle,CJM,tun46,C,1630.11662036093,877.609623179411,2309.00637895896,PRsym
robustness,h1_0.16_cycle,CJM,tun46,IACC,10.9240217618978,7.6297040073331,13.5874166574692,PRsym
robustness,h1_0.16_cycle,CJM,tun48,SBMSY,1.12379483011214,0.723151481384065,1.66738721658962,PR-30
robustness,h1_0.16_cycle,CJM,tun48,C,1504.5997354411,833.609334593108,2258.43787013729,PR-30
robustness,h1_0.16_cycle,CJM,tun48,IACC,12.5024882088401,7.86489138907604,17.0348497406919,PR-30
robustness,h1_0.16h,CJM,tun29,SBMSY,1.64344788106466,1.01128944179935,2.51352880970255,HS+20
robustness,h1_0.16h,CJM,tun29,C,1476.42081663142,1019.49917263125,1935.14309753236,HS+20
robustness,h1_0.16h,CJM,tun29,IACC,8.99327494641798,4.30717179775789,12.369191560487,HS+20
robustness,h1_0.16h,CJM,tun43,SBMSY,1.63341008067617,1.00654396949895,2.49600773091512,HS-20
robustness,h1_0.16h,CJM,tun43,C,1459.71679210392,989.558630075967,1953.47088580243,HS-20
robustness,h1_0.16h,CJM,tun43,IACC,9.2830699533232,4.28023603085836,12.8539206542004,HS-20
robustness,h1_0.16h,CJM,tun45,SBMSY,1.64161204147551,1.0024316215034,2.50919503397354,HSsym
robustness,h1_0.16h,CJM,tun45,C,1460.30603709483,988.074009166246,1945.7627223934,HSsym
robustness,h1_0.16h,CJM,tun45,IACC,8.93970891963978,4.18531702122147,12.1015441699091,HSsym
robustness,h1_0.16h,CJM,tun47,SBMSY,1.63667072918043,1.06760755974573,2.49903329170751,HS-30
robustness,h1_0.16h,CJM,tun47,C,1474.44135441703,1011.66475272224,1948.16576196753,HS-30
robustness,h1_0.16h,CJM,tun47,IACC,9.71989342312488,4.44221574621053,13.4737800342866,HS-30
robustness,h1_0.16h,CJM,tun32,SBMSY,1.74017842238399,1.15466611761298,2.43910941842498,PR+20
robustness,h1_0.16h,CJM,tun32,C,1369.38665153359,869.425282476375,1908.3131416743,PR+20
robustness,h1_0.16h,CJM,tun32,IACC,12.3003531269359,8.27125435497743,15.0982010548048,PR+20
robustness,h1_0.16h,CJM,tun44,SBMSY,1.75806922933796,1.20755237838824,2.4963116384757,PR-20
robustness,h1_0.16h,CJM,tun44,C,1339.6547757342,805.423224164359,1948.50060399168,PR-20
robustness,h1_0.16h,CJM,tun44,IACC,12.9605492594494,8.40893907731857,15.4238093334719,PR-20
robustness,h1_0.16h,CJM,tun46,SBMSY,1.75694626933029,1.14830228875541,2.49189286660306,PRsym
robustness,h1_0.16h,CJM,tun46,C,1409.22346959452,851.036371804949,1937.75760359019,PRsym
robustness,h1_0.16h,CJM,tun46,IACC,11.9359712353763,8.20934091803676,14.0004121258435,PRsym
robustness,h1_0.16h,CJM,tun48,SBMSY,1.77043919716343,1.23135311983405,2.51177719427186,PR-30
robustness,h1_0.16h,CJM,tun48,C,1283.06014835677,783.360264411361,1889.01005253183,PR-30
robustness,h1_0.16h,CJM,tun48,IACC,14.689199694504,8.87620805928148,18.3717081155358,PR-30
robustness,h1_1.14,CJM,tun29,SBMSY,2.11636471830838,1.38844836765509,3.224936921839,HS+20
robustness,h1_1.14,CJM,tun29,C,1837.79197520951,1344.20646206517,2032.46292024945,HS+20
robustness,h1_1.14,CJM,tun29,IACC,5.99163816570774,1.93662619570228,9.63625052489148,HS+20
robustness,h1_1.14,CJM,tun43,SBMSY,2.10386121081279,1.36041224157295,3.21726358227715,HS-20
robustness,h1_1.14,CJM,tun43,C,1863.17751391185,1355.86310637259,2034.90087482145,HS-20
robustness,h1_1.14,CJM,tun43,IACC,5.56350433876303,1.88415809826276,9.62407819059727,HS-20
robustness,h1_1.14,CJM,tun45,SBMSY,2.11865183099313,1.37828953639907,3.23316941392724,HSsym
robustness,h1_1.14,CJM,tun45,C,1853.75271768558,1333.45928958443,2033.07480804457,HSsym
robustness,h1_1.14,CJM,tun45,IACC,5.76297742724763,1.91685082248922,9.31077578797477,HSsym
robustness,h1_1.14,CJM,tun47,SBMSY,2.09956037448564,1.35953606149394,3.21131144922508,HS-30
robustness,h1_1.14,CJM,tun47,C,1854.94023257992,1372.408189471,2034.36624478242,HS-30
robustness,h1_1.14,CJM,tun47,IACC,5.7841156720916,1.90145917161079,9.87275214605981,HS-30
robustness,h1_1.14,CJM,tun32,SBMSY,2.12172997648432,1.47734682751315,3.17596204384762,PR+20
robustness,h1_1.14,CJM,tun32,C,1773.0038108402,1210.95727535638,2329.4471680355,PR+20
robustness,h1_1.14,CJM,tun32,IACC,10.0702114324509,6.96294148624558,13.0685459017577,PR+20
robustness,h1_1.14,CJM,tun44,SBMSY,2.1532668913639,1.51062719959096,3.19243080706915,PR-20
robustness,h1_1.14,CJM,tun44,C,1778.24272470068,1174.09101760117,2342.49658296631,PR-20
robustness,h1_1.14,CJM,tun44,IACC,9.73218380965438,6.89220872953997,13.0815738111994,PR-20
robustness,h1_1.14,CJM,tun46,SBMSY,2.1440534666709,1.48594602007397,3.18928929110641,PRsym
robustness,h1_1.14,CJM,tun46,C,1779.40493065639,1163.3665596675,2332.98655559753,PRsym
robustness,h1_1.14,CJM,tun46,IACC,9.56128397100506,6.75398619262593,12.4524227590359,PRsym
robustness,h1_1.14,CJM,tun48,SBMSY,2.12618288885042,1.52084507975111,3.14998707240624,PR-30
robustness,h1_1.14,CJM,tun48,C,1784.27323101098,1188.27362786644,2343.74461721719,PR-30
robustness,h1_1.14,CJM,tun48,IACC,10.194644629337,7.1219096695616,15.0346192138253,PR-30
robustness,h2_0.16_mov,Southern,tun29,SBMSY,0.997800361316875,0.926055126813088,1.07873737086037,HS+20
robustness,h2_0.16_mov,Southern,tun29,C,961.681224242985,854.417928692935,1095.16203438979,HS+20
robustness,h2_0.16_mov,Southern,tun29,IACC,4.86975546095263,4.09193229366969,5.81873125734966,HS+20
robustness,h2_0.16_mov,North,tun29,SBMSY,0.615423205629431,0.584133645519963,0.651024205831399,HS+20
robustness,h2_0.16_mov,North,tun29,C,224.22832337455,198.259534615952,256.272203463929,HS+20
robustness,h2_0.16_mov,North,tun29,IACC,11.009565723341,9.14945204474877,13.0856918303722,HS+20
robustness,h2_0.16_mov,Southern,tun43,SBMSY,0.924935484290207,0.853091001326894,1.00495824040295,HS-20
robustness,h2_0.16_mov,Southern,tun43,C,956.060991003048,847.549568374835,1087.45993693055,HS-20
robustness,h2_0.16_mov,Southern,tun43,IACC,4.88901869042266,4.15848353440763,5.88870688201741,HS-20
robustness,h2_0.16_mov,North,tun43,SBMSY,0.592374591073931,0.562081296876356,0.623880561630381,HS-20
robustness,h2_0.16_mov,North,tun43,C,222.114976815006,196.946286232714,254.139462768669,HS-20
robustness,h2_0.16_mov,North,tun43,IACC,11.0387851300515,9.17449468805267,13.1284684022899,HS-20
robustness,h2_0.16_mov,Southern,tun45,SBMSY,0.974665665708649,0.902531443748736,1.05439714738977,HSsym
robustness,h2_0.16_mov,Southern,tun45,C,958.909827866717,852.403437399765,1093.48220151305,HSsym
robustness,h2_0.16_mov,Southern,tun45,IACC,4.8616528564783,4.1096291651987,5.80586313710212,HSsym
robustness,h2_0.16_mov,North,tun45,SBMSY,0.607658201248486,0.577053598566686,0.641660770891881,HSsym
robustness,h2_0.16_mov,North,tun45,C,223.213815751493,197.837004120926,255.512955469323,HSsym
robustness,h2_0.16_mov,North,tun45,IACC,11.0121499868329,9.13276572697917,13.0877092686225,HSsym
robustness,h2_0.16_mov,Southern,tun47,SBMSY,0.950132307513078,0.87780650945863,1.02962569970816,HS-30
robustness,h2_0.16_mov,Southern,tun47,C,958.227536825069,850.297770647359,1091.0021856103,HS-30
robustness,h2_0.16_mov,Southern,tun47,IACC,4.87297262186599,4.14567943886392,5.86937106816139,HS-30
robustness,h2_0.16_mov,North,tun47,SBMSY,0.600381083442736,0.569631181426334,0.632831478088003,HS-30
robustness,h2_0.16_mov,North,tun47,C,222.58098460406,197.591460770672,255.038173862002,HS-30
robustness,h2_0.16_mov,North,tun47,IACC,11.0271541382181,9.17743017738242,13.1257326060624,HS-30
robustness,h2_0.16_mov,Southern,tun32,SBMSY,1.21678749321949,1.15884569080643,1.27777686168514,PR+20
robustness,h2_0.16_mov,Southern,tun32,C,910.207870137884,792.693534067003,1064.86724184417,PR+20
robustness,h2_0.16_mov,Southern,tun32,IACC,10.9420891621009,8.60855323701058,12.636013366249,PR+20
robustness,h2_0.16_mov,North,tun32,SBMSY,0.687055194559618,0.65257265115894,0.720697039168261,PR+20
robustness,h2_0.16_mov,North,tun32,C,211.850571977422,184.308070745971,248.97503221614,PR+20
robustness,h2_0.16_mov,North,tun32,IACC,14.0420432724461,11.8542472275604,16.2635605229895,PR+20
robustness,h2_0.16_mov,Southern,tun44,SBMSY,1.21914484942047,1.156537757773,1.27304459435321,PR-20
robustness,h2_0.16_mov,Southern,tun44,C,908.245988700205,788.666679590425,1061.65361595138,PR-20
robustness,h2_0.16_mov,Southern,tun44,IACC,10.599995052557,8.54363785661469,12.3275926431455,PR-20
robustness,h2_0.16_mov,North,tun44,SBMSY,0.683398471428241,0.652133580291827,0.719821315574666,PR-20
robustness,h2_0.16_mov,North,tun44,C,211.938086181362,182.586608443028,248.437673830737,PR-20
robustness,h2_0.16_mov,North,tun44,IACC,14.055159352754,11.8508071891539,16.1415207574887,PR-20
robustness,h2_0.16_mov,Southern,tun46,SBMSY,1.20997491986254,1.1519293932273,1.27139650285551,PRsym
robustness,h2_0.16_mov,Southern,tun46,C,901.410848190276,775.836353643248,1063.94250135647,PRsym
robustness,h2_0.16_mov,Southern,tun46,IACC,10.2207797080024,8.27209926763953,11.6679965406865,PRsym
robustness,h2_0.16_mov,North,tun46,SBMSY,0.683334801865273,0.651115797231023,0.717043599584919,PRsym
robustness,h2_0.16_mov,North,tun46,C,211.144334305839,179.663362681423,249.20354871633,PRsym
robustness,h2_0.16_mov,North,tun46,IACC,13.5278424507333,11.4746331150661,15.7325128996084,PRsym
robustness,h2_0.16_mov,Southern,tun48,SBMSY,1.20545284261111,1.14705844606976,1.26163515635919,PR-30
robustness,h2_0.16_mov,Southern,tun48,C,932.402311103104,838.103925553054,1068.10564765585,PR-30
robustness,h2_0.16_mov,Southern,tun48,IACC,11.4872402807712,9.15416269524503,13.4124944181905,PR-30
robustness,h2_0.16_mov,North,tun48,SBMSY,0.681135427191582,0.650731177128477,0.716835365605131,PR-30
robustness,h2_0.16_mov,North,tun48,C,216.568268423796,194.127996647843,249.099061691899,PR-30
robustness,h2_0.16_mov,North,tun48,IACC,14.983947572529,12.5054655415587,17.4821196165701,PR-30
robustness,h2_0.16,Southern,tun29,SBMSY,1.10149922865349,1.00104914327564,1.21865666948054,HS+20
robustness,h2_0.16,Southern,tun29,C,1040.94971680626,896.480637402051,1204.57216905244,HS+20
robustness,h2_0.16,Southern,tun29,IACC,4.8746102985855,4.06796222020537,5.83590921964719,HS+20
robustness,h2_0.16,North,tun29,SBMSY,0.396212812259372,0.22565415548429,0.516732208083754,HS+20
robustness,h2_0.16,North,tun29,C,224.296816695535,190.225866427134,258.602006776373,HS+20
robustness,h2_0.16,North,tun29,IACC,11.6771259457673,9.72922774683788,14.2409459142206,HS+20
robustness,h2_0.16,Southern,tun43,SBMSY,1.01853748631003,0.923772766564579,1.13121559725492,HS-20
robustness,h2_0.16,Southern,tun43,C,1029.29291992736,887.096352739474,1195.25026961647,HS-20
robustness,h2_0.16,Southern,tun43,IACC,4.86750475966119,4.11484900423476,5.86968399175399,HS-20
robustness,h2_0.16,North,tun43,SBMSY,0.393694146801852,0.213348419700804,0.518196563514163,HS-20
robustness,h2_0.16,North,tun43,C,220.540622617028,186.499621096175,256.140404562617,HS-20
robustness,h2_0.16,North,tun43,IACC,11.5558605697056,9.68238470908778,14.2724285228017,HS-20
robustness,h2_0.16,Southern,tun45,SBMSY,1.07324685267789,0.976373952981622,1.18893490391357,HSsym
robustness,h2_0.16,Southern,tun45,C,1037.77439755519,892.284470781621,1203.50146921059,HSsym
robustness,h2_0.16,Southern,tun45,IACC,4.87486328550863,4.07898182748737,5.83743426129403,HSsym
robustness,h2_0.16,North,tun45,SBMSY,0.392849474297838,0.221462198289188,0.517357095117492,HSsym
robustness,h2_0.16,North,tun45,C,222.677861617346,189.271319048971,258.362763583581,HSsym
robustness,h2_0.16,North,tun45,IACC,11.6669099233713,9.72291293693761,14.246069761544,HSsym
robustness,h2_0.16,Southern,tun47,SBMSY,1.04539507657613,0.951089889277301,1.16037296037243,HS-30
robustness,h2_0.16,Southern,tun47,C,1034.27354180647,890.031409086736,1199.83616616009,HS-30
robustness,h2_0.16,Southern,tun47,IACC,4.90298886210743,4.10679688535576,5.8690111233187,HS-30
robustness,h2_0.16,North,tun47,SBMSY,0.393775691858402,0.216848342479527,0.518340518318457,HS-30
robustness,h2_0.16,North,tun47,C,221.712523282494,188.888534365905,256.735166691745,HS-30
robustness,h2_0.16,North,tun47,IACC,11.644533558533,9.74879240094558,14.1995172220115,HS-30
robustness,h2_0.16,Southern,tun32,SBMSY,1.31550732356999,1.23371842829282,1.398775298397,PR+20
robustness,h2_0.16,Southern,tun32,C,998.674813264253,831.35872435169,1224.39403858236,PR+20
robustness,h2_0.16,Southern,tun32,IACC,9.75372228883398,6.23459048752151,11.9934334763362,PR+20
robustness,h2_0.16,North,tun32,SBMSY,0.39935202166022,0.24931933214255,0.534057004824537,PR+20
robustness,h2_0.16,North,tun32,C,216.731070539688,179.281235330654,259.60451180696,PR+20
robustness,h2_0.16,North,tun32,IACC,14.4189423594505,11.7467352197459,16.8232397732134,PR+20
robustness,h2_0.16,Southern,tun44,SBMSY,1.31121024575334,1.22931921044992,1.39648032377482,PR-20
robustness,h2_0.16,Southern,tun44,C,1000.00239006079,828.350440892987,1236.46463877931,PR-20
robustness,h2_0.16,Southern,tun44,IACC,9.48983740551957,6.16426104726256,11.9207181135048,PR-20
robustness,h2_0.16,North,tun44,SBMSY,0.39190813756885,0.225281573333104,0.531675389510209,PR-20
robustness,h2_0.16,North,tun44,C,214.187993845283,174.256925060582,259.739581307275,PR-20
robustness,h2_0.16,North,tun44,IACC,14.322090886483,11.8619472798318,16.9612334086201,PR-20
robustness,h2_0.16,Southern,tun46,SBMSY,1.30964787500057,1.22362331239752,1.39759629290388,PRsym
robustness,h2_0.16,Southern,tun46,C,1005.42677959314,827.759751785329,1245.33795761494,PRsym
robustness,h2_0.16,Southern,tun46,IACC,9.2349988771029,5.88241623691466,11.2801007059663,PRsym
robustness,h2_0.16,North,tun46,SBMSY,0.394657634107142,0.234829285300322,0.52856728788207,PRsym
robustness,h2_0.16,North,tun46,C,216.349377961864,175.299706246772,262.366618810657,PRsym
robustness,h2_0.16,North,tun46,IACC,14.0212491804092,11.4561907435552,16.1511149932986,PRsym
robustness,h2_0.16,Southern,tun48,SBMSY,1.2994719626902,1.21499589929127,1.38160964731389,PR-30
robustness,h2_0.16,Southern,tun48,C,1006.9184070192,870.534700703279,1215.63625683887,PR-30
robustness,h2_0.16,Southern,tun48,IACC,10.3760496558158,6.73029826518081,12.5289840514316,PR-30
robustness,h2_0.16,North,tun48,SBMSY,0.394693472691142,0.229096220665229,0.533068682910739,PR-30
robustness,h2_0.16,North,tun48,C,219.541637042594,186.100488600327,253.407866664647,PR-30
robustness,h2_0.16,North,tun48,IACC,15.3560308169078,12.3624579477252,18.0297211493644,PR-30
robustness,h2_0.16h,Southern,tun29,SBMSY,1.44993103057733,1.32526963681509,1.63838138532701,HS+20
robustness,h2_0.16h,Southern,tun29,C,947.468969549607,843.25500051784,1051.82824000505,HS+20
robustness,h2_0.16h,Southern,tun29,IACC,4.98358870037176,4.04013121917307,5.86967841580823,HS+20
robustness,h2_0.16h,North,tun29,SBMSY,0.543598650165591,0.433154211698686,0.637139113038969,HS+20
robustness,h2_0.16h,North,tun29,C,217.095014704726,190.976896122968,241.786989024399,HS+20
robustness,h2_0.16h,North,tun29,IACC,11.0988775881696,9.2756793458013,12.9475566152943,HS+20
robustness,h2_0.16h,Southern,tun43,SBMSY,1.37146242022607,1.2542015538497,1.54987700512413,HS-20
robustness,h2_0.16h,Southern,tun43,C,956.793873521824,851.71058546388,1061.44322065407,HS-20
robustness,h2_0.16h,Southern,tun43,IACC,5.04819940843489,4.07576071136077,5.93075107090669,HS-20
robustness,h2_0.16h,North,tun43,SBMSY,0.532121315151046,0.427028440890803,0.633270494383854,HS-20
robustness,h2_0.16h,North,tun43,C,218.904464075658,192.052079853049,243.885591229057,HS-20
robustness,h2_0.16h,North,tun43,IACC,11.0611363960462,9.26934286653472,13.0370746829605,HS-20
robustness,h2_0.16h,Southern,tun45,SBMSY,1.42390691695008,1.30307334652956,1.60933089263632,HSsym
robustness,h2_0.16h,Southern,tun45,C,950.235859214284,845.213791058385,1054.56161226848,HSsym
robustness,h2_0.16h,Southern,tun45,IACC,4.9943350306516,4.03431831561054,5.8846522577581,HSsym
robustness,h2_0.16h,North,tun45,SBMSY,0.537632454244315,0.431553016963115,0.634829287962533,HSsym
robustness,h2_0.16h,North,tun45,C,217.598423415605,191.157570431099,242.589655543571,HSsym
robustness,h2_0.16h,North,tun45,IACC,11.0864732079091,9.27167103816273,13.0110362990458,HSsym
robustness,h2_0.16h,Southern,tun47,SBMSY,1.39779499297117,1.27926266340474,1.58273533439126,HS-30
robustness,h2_0.16h,Southern,tun47,C,953.84444928286,849.08064183378,1058.642550059,HS-30
robustness,h2_0.16h,Southern,tun47,IACC,5.03034684837988,4.03802542585037,5.93205810453332,HS-30
robustness,h2_0.16h,North,tun47,SBMSY,0.534699786038467,0.430100502466378,0.633774942865116,HS-30
robustness,h2_0.16h,North,tun47,C,218.135212862945,192.037889646555,243.651533410558,HS-30
robustness,h2_0.16h,North,tun47,IACC,11.120717674893,9.2834333591443,13.0134983913081,HS-30
robustness,h2_0.16h,Southern,tun32,SBMSY,1.72607463435341,1.60121397699585,1.90343723628049,PR+20
robustness,h2_0.16h,Southern,tun32,C,889.256974620731,750.661248356301,1009.75497968615,PR+20
robustness,h2_0.16h,Southern,tun32,IACC,11.304612482288,9.2820248738973,12.9621191404,PR+20
robustness,h2_0.16h,North,tun32,SBMSY,0.57436795533841,0.468036622685544,0.673142446262344,PR+20
robustness,h2_0.16h,North,tun32,C,202.176596848411,171.904522757506,230.739575595422,PR+20
robustness,h2_0.16h,North,tun32,IACC,14.5749948542317,12.4195840090134,16.8397179516166,PR+20
robustness,h2_0.16h,Southern,tun44,SBMSY,1.73492560569627,1.59936062656253,1.9006959881613,PR-20
robustness,h2_0.16h,Southern,tun44,C,885.098779367618,748.802012403644,1002.50897495242,PR-20
robustness,h2_0.16h,Southern,tun44,IACC,11.254557448176,9.14772075802682,12.9883660279348,PR-20
robustness,h2_0.16h,North,tun44,SBMSY,0.574500438927772,0.461966181379237,0.673160904857188,PR-20
robustness,h2_0.16h,North,tun44,C,201.424996843827,170.378274248405,232.750798055837,PR-20
robustness,h2_0.16h,North,tun44,IACC,14.5873503772117,12.6053762593238,16.7872422574276,PR-20
robustness,h2_0.16h,Southern,tun46,SBMSY,1.7285623270572,1.59482651948743,1.89429897995161,PRsym
robustness,h2_0.16h,Southern,tun46,C,869.609773673894,740.679560697367,1000.93468155661,PRsym
robustness,h2_0.16h,Southern,tun46,IACC,10.6879015170561,8.97854875080099,12.2575061299449,PRsym
robustness,h2_0.16h,North,tun46,SBMSY,0.570943020043304,0.464226444685561,0.670581631872211,PRsym
robustness,h2_0.16h,North,tun46,C,199.889911434082,167.003167556735,228.71643076784,PRsym
robustness,h2_0.16h,North,tun46,IACC,13.9783360957734,12.1110501509549,15.7924261648703,PRsym
robustness,h2_0.16h,Southern,tun48,SBMSY,1.70611024612355,1.5826214114211,1.89304838277324,PR-30
robustness,h2_0.16h,Southern,tun48,C,917.053086504692,802.460227094771,1028.15804180062,PR-30
robustness,h2_0.16h,Southern,tun48,IACC,12.0259505278132,9.81756848307168,14.1684583347232,PR-30
robustness,h2_0.16h,North,tun48,SBMSY,0.572804548059996,0.46215059660584,0.674087876329531,PR-30
robustness,h2_0.16h,North,tun48,C,209.535457948232,183.544641302422,236.666492127474,PR-30
robustness,h2_0.16h,North,tun48,IACC,15.522242113685,13.2138930360121,18.0027577517184,PR-30
robustness,h2_1.14,Southern,tun29,SBMSY,2.61724875906229,2.53733771496864,2.71698119921564,HS+20
robustness,h2_1.14,Southern,tun29,C,1268.95222655598,1100.75837255902,1473.4244807515,HS+20
robustness,h2_1.14,Southern,tun29,IACC,4.72328226670432,3.56854659156934,5.85475556805571,HS+20
robustness,h2_1.14,North,tun29,SBMSY,0,0,0,HS+20
robustness,h2_1.14,North,tun29,C,1.51866566666013e-05,1.51866566665787e-05,1.51866566666173e-05,HS+20
robustness,h2_1.14,North,tun29,IACC,6.50829390380636e-11,4.52640702697238e-11,9.28815357958968e-11,HS+20
robustness,h2_1.14,Southern,tun43,SBMSY,2.48742862986929,2.40416233466652,2.59532622603793,HS-20
robustness,h2_1.14,Southern,tun43,C,1291.26325132937,1116.6196631605,1509.27013938353,HS-20
robustness,h2_1.14,Southern,tun43,IACC,4.6487583030021,3.42838445594316,5.79077136158341,HS-20
robustness,h2_1.14,North,tun43,SBMSY,0,0,0,HS-20
robustness,h2_1.14,North,tun43,C,1.51866566666004e-05,1.51866566665779e-05,1.51866566666167e-05,HS-20
robustness,h2_1.14,North,tun43,IACC,6.48481268683554e-11,4.51180759419856e-11,9.16897113789616e-11,HS-20
robustness,h2_1.14,Southern,tun45,SBMSY,2.57598646238169,2.49396308397328,2.67783395039613,HSsym
robustness,h2_1.14,Southern,tun45,C,1276.08617782666,1105.31132076274,1484.20955815057,HSsym
robustness,h2_1.14,Southern,tun45,IACC,4.69746740213459,3.4762762038662,5.79407437623991,HSsym
robustness,h2_1.14,North,tun45,SBMSY,0,0,0,HSsym
robustness,h2_1.14,North,tun45,C,1.51866566666006e-05,1.51866566665779e-05,1.51866566666169e-05,HSsym
robustness,h2_1.14,North,tun45,IACC,6.48481268683554e-11,4.51180759419856e-11,9.19853082592681e-11,HSsym
robustness,h2_1.14,Southern,tun47,SBMSY,2.53210659670507,2.45047104955049,2.63539802331015,HS-30
robustness,h2_1.14,Southern,tun47,C,1284.46916596919,1111.42290271773,1494.46608131641,HS-30
robustness,h2_1.14,Southern,tun47,IACC,4.7107899932616,3.4459177060756,5.84630410241938,HS-30
robustness,h2_1.14,North,tun47,SBMSY,0,0,0,HS-30
robustness,h2_1.14,North,tun47,C,1.51866566666004e-05,1.51866566665779e-05,1.51866566666167e-05,HS-30
robustness,h2_1.14,North,tun47,IACC,6.48481268683554e-11,4.51180759419856e-11,9.19853082592681e-11,HS-30
robustness,h2_1.14,Southern,tun32,SBMSY,2.88193650352321,2.80100307676506,2.9881316113607,PR+20
robustness,h2_1.14,Southern,tun32,C,1260.36912327814,1024.74431693485,1420.24936209507,PR+20
robustness,h2_1.14,Southern,tun32,IACC,5.90597460024364,3.29892214106349,9.70388271587802,PR+20
robustness,h2_1.14,North,tun32,SBMSY,0,0,0,PR+20
robustness,h2_1.14,North,tun32,C,1.51866566666029e-05,1.51866566665799e-05,1.51866566666202e-05,PR+20
robustness,h2_1.14,North,tun32,IACC,6.85385082022094e-11,4.68469707470831e-11,1.03318742450398e-10,PR+20
robustness,h2_1.14,Southern,tun44,SBMSY,2.85638005324931,2.76956943596636,2.96782120506937,PR-20
robustness,h2_1.14,Southern,tun44,C,1269.5553080375,1026.1987500318,1437.4903341698,PR-20
robustness,h2_1.14,Southern,tun44,IACC,5.77595564834722,3.23575692595076,9.46735289399848,PR-20
robustness,h2_1.14,North,tun44,SBMSY,0,0,0,PR-20
robustness,h2_1.14,North,tun44,C,1.51866566666035e-05,1.51866566665802e-05,1.51866566666205e-05,PR-20
robustness,h2_1.14,North,tun44,IACC,6.91458001966794e-11,4.71597760842712e-11,1.06120945364552e-10,PR-20
robustness,h2_1.14,Southern,tun46,SBMSY,2.87203378191145,2.78841849159916,2.98151309143541,PRsym
robustness,h2_1.14,Southern,tun46,C,1265.52066153802,1022.11299176807,1426.40804432098,PRsym
robustness,h2_1.14,Southern,tun46,IACC,5.75286793650126,3.25266925296169,9.07112026043697,PRsym
robustness,h2_1.14,North,tun46,SBMSY,0,0,0,PRsym
robustness,h2_1.14,North,tun46,C,1.51866566666032e-05,1.518665666658e-05,1.51866566666205e-05,PRsym
robustness,h2_1.14,North,tun46,IACC,6.91458001966794e-11,4.75405825817177e-11,1.04813380197299e-10,PRsym
robustness,h2_1.14,Southern,tun48,SBMSY,2.83452736040488,2.75129323789449,2.94516702283089,PR-30
robustness,h2_1.14,Southern,tun48,C,1274.1458223713,1033.02881311961,1441.35754188109,PR-30
robustness,h2_1.14,Southern,tun48,IACC,5.68752184091837,3.23855032739359,10.0765686145236,PR-30
robustness,h2_1.14,North,tun48,SBMSY,0,0,0,PR-30
robustness,h2_1.14,North,tun48,C,1.5186656666603e-05,1.51866566665799e-05,1.51866566666203e-05,PR-30
robustness,h2_1.14,North,tun48,IACC,6.85385082022094e-11,4.68469707470831e-11,1.03318742450398e-10,PR-30
