"Year","10","11","12","13","14","15","16","17","18","19","20","21","22","23","24","25","26","27","28","29","30","31","32","33","34","35","36","37","38","39","40","41","42","43","44","45","46","47","48","49","50"
1972,0,0,0,0,0,0,0,0,1,2,4,4,5,8,11,10,6,2,1,2,2,2,2,3,3,3,3,3,2,2,2,2,2,2,1,1,1,1,1,1,5
1973,0,0,0,0,0,0,0,0,0,0,0,0,0,0,0,0,1,2,7,12,11,9,5,4,3,3,3,4,4,5,5,4,3,3,2,2,2,1,1,1,4
1974,0,0,0,0,0,0,0,0,0,0,0,0,0,0,0,0,0,0,6,17,22,16,11,7,3,2,2,1,1,1,1,0,1,1,1,0,0,0,0,0,5
1975,0,0,0,0,0,0,0,0,0,0,0,0,0,0,0,1,1,1,3,4,5,9,13,16,15,11,7,4,2,1,0,0,0,0,0,0,0,1,0,1,5
1976,0,0,0,0,0,0,0,0,0,0,0,0,0,0,0,0,1,1,3,3,3,4,7,11,11,9,6,6,5,4,4,3,3,2,2,2,2,2,1,1,3
1977,0,0,0,0,0,0,0,0,0,0,1,2,2,1,2,3,9,15,11,7,7,6,6,5,4,3,2,2,2,1,1,1,1,1,0,0,0,0,0,0,1
1978,0,0,0,0,0,0,0,0,0,0,0,0,0,0,1,4,15,28,17,8,4,3,3,3,3,3,2,1,1,1,1,0,0,0,0,0,0,0,0,0,0
1979,0,0,0,0,0,0,1,3,1,0,0,0,0,1,2,4,5,7,10,12,9,7,5,4,4,3,4,4,3,2,2,2,1,1,1,0,0,0,0,0,1
1980,1,0,0,1,1,3,2,2,0,0,1,1,1,1,1,1,2,4,5,10,14,14,9,7,6,4,3,1,1,1,1,1,1,1,1,0,0,0,0,0,0
1981,0,0,0,0,0,0,0,0,0,0,0,0,2,3,3,4,5,9,10,10,12,10,8,6,4,4,3,3,2,1,0,0,0,0,0,0,0,0,0,0,0
1982,0,0,0,0,1,1,2,3,4,4,1,0,0,0,0,1,2,6,16,18,12,7,5,4,3,2,2,1,1,1,0,0,0,0,0,0,0,0,0,0,0
1983,0,0,0,0,0,0,0,0,0,0,0,0,0,1,1,3,3,3,5,11,16,16,13,10,7,4,2,1,1,0,0,0,0,0,0,0,0,0,0,0,0
1984,0,0,0,0,0,0,0,0,0,0,0,0,1,2,3,5,7,8,7,11,12,10,9,7,5,3,2,1,1,1,1,1,1,1,1,0,0,0,0,0,0
1985,0,0,0,0,0,0,0,0,0,0,0,0,0,0,0,2,3,8,10,10,11,10,8,6,5,4,4,4,3,2,2,1,1,1,1,1,1,0,0,0,0
1986,0,0,0,0,0,0,2,3,6,7,7,6,4,4,3,2,1,0,0,1,1,3,5,8,8,8,6,4,2,2,1,1,1,1,1,0,0,0,0,0,0
1987,0,0,0,0,1,5,7,4,1,1,3,4,5,9,12,12,11,8,4,3,2,1,1,1,1,1,1,1,0,0,0,0,0,0,0,0,0,0,0,0,0
1988,0,0,0,0,0,0,0,0,0,0,0,0,1,6,15,20,18,13,8,5,3,2,1,1,1,1,1,0,1,0,0,0,0,0,0,0,0,0,0,0,0
1989,0,0,0,0,0,0,0,0,0,0,0,0,0,0,1,3,6,11,13,12,11,9,8,7,5,4,3,2,1,1,0,0,0,0,0,0,0,0,0,0,0
1990,0,0,0,0,0,0,0,0,0,0,0,1,1,1,1,0,0,1,6,11,14,11,9,9,8,7,6,4,3,2,1,1,0,0,0,0,0,0,0,0,0
1991,0,0,0,0,0,0,0,0,0,1,0,1,1,1,2,4,4,5,6,9,13,13,10,9,7,6,4,3,1,1,0,0,0,0,0,0,0,0,0,0,0
1992,0,0,0,0,0,0,0,0,0,0,0,1,1,3,4,2,2,3,6,6,7,10,12,11,8,6,5,4,3,3,2,1,1,0,0,0,0,0,0,0,1
1993,0,0,0,0,0,0,0,0,0,0,1,10,13,8,12,9,10,9,4,4,4,4,4,3,2,1,0,0,0,0,0,0,0,0,0,0,0,0,0,0,0
1994,0,0,0,0,0,0,0,0,0,0,0,1,1,1,2,3,6,6,7,14,16,12,7,5,3,2,2,1,1,1,1,1,1,0,1,1,0,0,0,0,2
1995,0,0,0,0,2,2,1,0,0,1,2,2,2,3,3,4,7,8,10,12,14,10,6,3,2,1,1,1,0,0,0,0,0,0,0,0,0,0,0,0,0
1996,0,0,0,1,1,2,1,0,0,1,2,6,10,11,10,7,6,7,9,8,6,5,3,2,1,0,0,0,0,0,0,0,0,0,0,0,0,0,0,0,0
1997,0,0,0,0,0,0,0,0,0,0,0,0,1,3,9,11,7,5,10,17,19,11,4,2,1,0,0,0,0,0,0,0,0,0,0,0,0,0,0,0,0
1998,0,0,0,0,1,0,0,1,4,5,4,4,6,15,22,17,9,4,3,1,1,1,1,0,0,0,0,0,0,0,0,0,0,0,0,0,0,0,0,0,0
1999,0,0,0,0,0,0,0,1,2,4,5,7,10,12,12,12,13,10,5,2,2,1,1,0,0,0,0,0,0,0,0,0,0,0,0,0,0,0,0,0,0
2000,0,0,0,0,0,0,0,0,2,5,8,10,9,7,9,11,9,11,10,6,2,1,0,0,0,0,0,0,0,0,0,0,0,0,0,0,0,0,0,0,0
2001,0,0,0,0,0,0,0,0,0,0,1,2,4,9,13,15,18,19,12,6,2,0,0,0,0,0,0,0,0,0,0,0,0,0,0,0,0,0,0,0,0
2002,0,0,0,0,0,0,0,0,0,0,0,1,3,3,3,2,3,10,19,20,17,11,4,2,1,0,0,0,0,0,0,0,0,0,0,0,0,0,0,0,0
2003,0,0,0,0,0,0,0,1,1,2,4,6,8,8,6,7,9,10,8,5,4,4,4,5,4,2,1,0,0,0,0,0,0,0,0,0,0,0,0,0,0
2004,0,0,0,0,0,0,0,0,0,0,0,0,1,1,1,1,3,6,8,9,11,13,13,10,8,7,5,3,1,1,0,0,0,0,0,0,0,0,0,0,0
2005,0,0,0,0,0,0,1,6,11,13,13,12,9,4,2,1,1,1,1,0,0,0,0,0,0,1,3,6,6,4,2,1,0,0,0,0,0,0,0,0,0
2006,0,0,0,0,0,0,0,1,5,12,17,18,16,12,8,4,2,1,1,1,1,1,0,0,0,0,0,0,0,0,0,0,0,0,0,0,0,0,0,0,0
2007,0,0,0,0,1,0,0,0,0,0,1,1,4,9,10,7,7,5,4,7,10,11,9,6,4,2,1,0,0,0,0,0,0,0,0,0,0,0,0,0,0
2008,0,0,0,0,0,0,0,0,0,0,0,0,0,1,1,1,2,4,12,21,22,16,9,4,2,1,1,1,1,0,0,0,0,0,0,0,0,0,0,0,0
2009,0,0,0,0,1,1,2,5,7,9,10,9,8,9,9,5,3,2,2,3,2,1,1,0,0,1,1,2,3,1,1,0,0,0,0,0,0,0,0,0,0
2010,0,0,0,0,0,0,0,1,3,3,3,6,19,24,17,11,7,4,2,1,1,0,0,0,0,0,0,0,0,0,0,0,0,0,0,0,0,0,0,0,0
2011,0,0,0,0,0,0,0,0,0,0,0,1,1,1,4,9,15,18,18,18,12,3,0,0,0,0,0,0,0,0,0,0,0,0,0,0,0,0,0,0,0
2012,0,0,0,0,0,0,0,0,0,0,1,1,1,1,1,1,1,1,1,0,2,9,18,19,19,15,6,2,1,0,0,0,0,0,0,0,0,0,0,0,0
2013,0,0,0,0,0,0,1,4,12,14,11,8,5,3,2,2,2,3,4,5,4,2,2,1,0,0,0,1,3,5,3,1,0,0,0,0,0,0,0,0,0
2014,0,0,0,0,0,0,0,1,3,7,8,6,6,6,5,5,5,4,6,11,13,7,3,2,1,1,1,0,0,0,0,0,0,0,0,0,0,0,0,0,0
2015,0,0,0,0,0,0,1,2,3,2,3,5,8,10,12,13,11,9,7,5,4,2,1,1,1,0,0,0,0,0,0,0,0,0,0,0,0,0,0,0,0
2016,0,0,0,0,0,0,0,0,0,0,1,1,3,5,7,7,9,9,8,8,7,8,6,6,5,4,2,1,1,0,0,0,0,0,0,0,0,0,0,0,0
2017,0,0,0,0,0,0,0,0,1,1,2,5,7,7,8,10,13,13,9,6,5,3,3,2,2,1,1,1,0,0,0,0,0,0,0,0,0,0,0,0,0
2018,0,0,0,0,0,0,1,1,1,2,2,2,2,4,8,14,20,18,9,4,3,3,2,2,1,1,1,0,0,0,0,0,0,0,0,0,0,0,0,0,0
2019,0,0,0,0,0,0,0,0,0,0,0,0,0,0,1,2,4,3,4,8,11,16,17,13,8,5,3,2,1,1,0,0,0,0,0,0,0,0,0,0,0
2020,0,0,0,0,0,0,0,0,0,0,0,0,0,0,0,0,0,1,2,3,4,7,10,14,17,16,11,7,4,2,1,0,0,0,0,0,0,0,0,0,0
2021,0,0,0,0,0,0,0,0,0,0,0,0,0,0,0,0,0,0,0,1,1,1,2,4,6,7,9,9,9,11,11,10,7,5,3,1,1,0,0,0,0
2022,0,0,0,0,0,0,0,0,0,0,0,0,0,0,0,0,0,1,1,2,3,3,3,4,5,7,7,7,6,5,6,6,6,6,6,5,3,2,2,1,1
2023,0,0,0,0,0,0,0,0,0,0,0,0,0,0,0,0,0,0,1,2,3,5,6,6,5,4,4,4,4,5,5,5,5,5,5,5,5,4,4,3,6
2024,0,0,0,0,0,0,0,0,0,0,0,0,0,0,0,0,0,0,1,0,0,1,1,1,2,3,5,5,5,6,5,6,6,6,6,5,5,4,4,4,14
2025,0,0,0,0,0,0,0,0,0,0,0,0,0,1,1,1,1,1,1,1,1,1,1,2,2,3,3,3,4,4,5,6,7,8,10,9,7,6,3,2,3
2026,0,0,0,0,0,0,0,0,0,0,1,2,3,3,4,5,6,7,5,4,3,2,2,2,2,2,2,1,1,1,2,3,3,4,4,5,6,5,4,3,4
