type,year,unit,age,n,mean,sd,lower95,lower50,median,upper50,upper95,rhat,ess_bulk,ess_tail,mcse_mean,quantity,units,mode,mode_sd,mode_lower_2se,mode_upper_2se,median_minus_mode_percent,diagnostic_flag
Recruits,1970,1,age_1,3000,5304.67030966667,2271.06873225823,2047.799,3688.03,4933.5,6477.615,10954.4875,1.00404136577603,1102.88317279461,1971.88273170428,69.1195210609023,Recruitment at age 1,million fish,5071.95,2198.05,2212.21,11628.5,-2.72971933871587,FALSE
Recruits,1971,1,age_1,3000,6647.89016,2610.48223071361,2816.04825,4744.4075,6231.05,8051.6725,12558.0575,1.00500993200972,991.708858351652,1284.12125181254,84.1636736789059,Recruitment at age 1,million fish,6513.37,2495.76,3106.82,13655.1,-4.334468946183,FALSE
Recruits,1972,1,age_1,3000,8446.12458,3014.66593667509,3899.80475,6242.9975,7964.535,10083.875,15548.465,1.00711752056034,676.66409759783,1121.86380152781,113.529438528963,Recruitment at age 1,million fish,8265.37,2825.17,4251.43,16069,-3.63970396969526,FALSE
Recruits,1973,1,age_1,3000,5848.65166,2276.53559411987,2453.9135,4217.28,5454.33,7145.4475,11152.555,1.00539519414856,980.136455860543,1450.1440012728,76.0925927617391,Recruitment at age 1,million fish,5825.54,2246.88,2766.12,12268.8,-6.37211314315926,FALSE
Recruits,1974,1,age_1,3000,4793.83183433333,1699.74004310525,2150.3165,3580.535,4553.875,5748.6475,8619.4205,1.00277840984132,1186.30223625071,1662.49970325416,48.0653190627621,Recruitment at age 1,million fish,4793.76,1687.32,2420.08,9495.61,-5.00410950902841,FALSE
Recruits,1975,1,age_1,3000,8998.79066666667,2164.58783380171,5592.5655,7412.69,8724.14,10272.7,13930.545,1.01232543467116,430.620305986694,1715.90251586283,101.557687545182,Recruitment at age 1,million fish,8973.09,2141.4,5604.28,14366.9,-2.77440658680567,TRUE
Recruits,1976,1,age_1,3000,11985.5762433333,2340.71613482953,8123.558,10322.975,11763.7,13410.975,17114.87,1.00958413537254,480.870155901655,1181.62665031707,106.231388329279,Recruitment at age 1,million fish,12118,2396.39,8190.43,17928.9,-2.92374979369532,FALSE
Recruits,1977,1,age_1,3000,12577.9699833333,2114.99649035336,9031.8445,11028.625,12415.5,13880.525,17282.89,1.00841983578847,576.533400394409,1189.91104418681,87.3886755957233,Recruitment at age 1,million fish,12633.3,2111.55,9064.36,17607.4,-1.72401510294222,FALSE
Recruits,1978,1,age_1,3000,16061.4065566667,2066.83238648499,12469.405,14632.275,15930.95,17380.725,20374.9975,1.00543802261943,681.818712068138,1281.26128422093,79.962643607312,Recruitment at age 1,million fish,16048.2,2076.27,12402.7,20765.2,-0.730611532757564,FALSE
Recruits,1979,1,age_1,3000,16062.3294333333,1875.69800484481,12753.96,14737.025,15943.65,17212.225,20071.9625,1.00274808934588,879.006159356695,1575.5981597405,63.6467283678011,Recruitment at age 1,million fish,15951,1813.1,12716.8,20007.9,-0.0460786157607696,FALSE
Recruits,1980,1,age_1,3000,16106.4981,1836.15912081135,12811.475,14837.875,16001.6,17310.45,19934.8075,1.00267318217362,1281.97202477054,1754.22522043277,52.1237785894825,Recruitment at age 1,million fish,16020.7,1799.42,12806.4,20041.7,-0.119220758144156,FALSE
Recruits,1981,1,age_1,3000,17084.7808666667,1993.33454688348,13658.0125,15643.25,16941.35,18401.55,21339.435,1.00048889849072,1609.02401423286,1510.42945007947,50.5210791662913,Recruitment at age 1,million fish,16856.6,1940.57,13400,21204.9,0.502770428200239,FALSE
Recruits,1982,1,age_1,3000,19220.9387666667,2227.44318162093,15209.625,17650.825,19116.45,20641.9,24018.1625,1.00410032144663,1753.54897579731,2299.42353118569,53.2552324057492,Recruitment at age 1,million fish,18940.1,2231.43,14976.2,23953.2,0.931093288842177,FALSE
Recruits,1983,1,age_1,3000,28031.2517333333,3109.49912550786,22519.0225,25881.425,27884.9,29982.475,34427.42,1.00084569300034,2171.42909266599,2327.07123178421,67.1433135217147,Recruitment at age 1,million fish,27543.4,3026.12,22124.5,34289.5,1.23986145501283,FALSE
Recruits,1984,1,age_1,3000,21844.9873666667,2768.94811088085,16922.765,19902.625,21669.05,23665.275,27735.3825,1.00006632688941,2569.1142835679,1760.35268007875,55.159363809924,Recruitment at age 1,million fish,21564.8,2683.36,16829.8,27631.9,0.483426695355416,FALSE
Recruits,1985,1,age_1,3000,24758.9701,2946.78201260164,19350.525,22698.15,24626.45,26615.575,30787.4475,1.00099269677161,2965.82284412627,1870.75421772404,54.6022266653101,Recruitment at age 1,million fish,24518.8,2877.43,19405,30980.3,0.439050850775735,FALSE
Recruits,1986,1,age_1,3000,57383.9377333333,4423.0148654882,49065.62,54375.75,57173.4,60418.75,65931.1175,1.00110328268524,2203.19232840116,2568.67679184275,94.5815469218789,Recruitment at age 1,million fish,56864.6,4455.53,48628.3,66495.8,0.543044354484157,FALSE
Recruits,1987,1,age_1,3000,56874.9268333333,4606.75242376535,48297.995,53576.05,56841.6,60057,66068.1975,1.00138031443697,1559.25227218265,2243.63224226299,114.380340961172,Recruitment at age 1,million fish,56452,4503.79,48138.5,66201.2,0.690143839013691,FALSE
Recruits,1988,1,age_1,3000,23990.0418333333,2858.97880709175,18871.99,21957.825,23863.25,25808.025,29868.305,1.00116342980789,2535.28439085624,2053.05093850897,56.0612368964759,Recruitment at age 1,million fish,23865.7,2869.43,18780.9,30327.2,-0.0102657789212146,FALSE
Recruits,1989,1,age_1,3000,14613.6572333333,2162.48051435986,10743.295,13060.725,14530.25,16006.925,19072.69,1.00209839912225,2509.2859748023,2359.37182527824,43.1106323324183,Recruitment at age 1,million fish,14565.5,2177.36,10819.3,19608.8,-0.242010229652256,FALSE
Recruits,1990,1,age_1,3000,16374.9234333333,2264.1727870941,12311.8025,14791.075,16277.45,17819.425,21059.7325,1.00118324834555,2152.63230685724,2310.92880455488,49.6038837450134,Recruitment at age 1,million fish,16338.5,2247.28,12425.2,21484.4,-0.373657312482778,FALSE
Recruits,1991,1,age_1,3000,19216.8275666667,2381.69944805043,14846.725,17574.1,19116.3,20808.625,24129.4225,1.00129356341422,3030.42268790197,2051.5018182524,43.4104568049817,Recruitment at age 1,million fish,19192.2,2361.2,15019.8,24523.7,-0.395473160971649,FALSE
Recruits,1992,1,age_1,3000,23725.7375,2475.22326641927,19205.8175,21979,23617.25,25441.9,28713.33,0.999518697000166,2545.74311290623,2286.82961531794,49.1234588481393,Recruitment at age 1,million fish,23777.5,2519.37,19248.2,29372.6,-0.673956471454107,FALSE
Recruits,1993,1,age_1,3000,14863.4217666667,1792.02358298193,11568.81,13610.1,14836.15,15999.825,18649.0575,0.999700453008962,3024.90206829877,2712.37772164577,32.5145280600984,Recruitment at age 1,million fish,14931.2,1811.47,11724.6,19014.6,-0.636586476639522,FALSE
Recruits,1994,1,age_1,3000,13677.1103833333,1619.06777624347,10703.235,12546.075,13602.1,14732.7,17010.305,1.0003658582482,3163.59499366277,2443.31185299401,28.9805663416286,Recruitment at age 1,million fish,13690.5,1579.72,10877.4,17231.1,-0.645703224863958,FALSE
Recruits,1995,1,age_1,3000,17874.3742333333,1719.23111353108,14608.3825,16671.45,17835.3,19014.625,21368.0275,1.00043887452098,3456.29926257162,2242.33479759994,29.5213162638039,Recruitment at age 1,million fish,17884.8,1713.12,14773.2,21651.8,-0.276771336553949,FALSE
Recruits,1996,1,age_1,3000,13182.8843766667,1453.8493828171,10467.865,12129.225,13153.3,14150.925,16115.3075,0.999958960181478,3940.35349764718,2381.72580592436,23.3573121216417,Recruitment at age 1,million fish,13185.3,1463.04,10568.3,16450.3,-0.242694515862363,FALSE
Recruits,1997,1,age_1,3000,16454.3820666667,1619.60361675633,13520.6825,15323.8,16384.75,17550.775,19741.54,1.00117527638396,2725.66186187445,2233.01336885514,30.9397575408696,Recruitment at age 1,million fish,16380.2,1583.49,13506.6,19865.1,0.0277774386149066,FALSE
Recruits,1998,1,age_1,3000,17435.2395333333,1499.61105562848,14643.71,16405.675,17371.75,18403.725,20501.8075,1.0004952484965,3505.72712556412,2301.37195419236,25.3060442766475,Recruitment at age 1,million fish,17444.1,1525.58,14649.8,20771.5,-0.414753412328517,FALSE
Recruits,1999,1,age_1,3000,21228.8122,1713.19134086105,18026.5625,20063.475,21202.8,22373.1,24584.895,1.00033822172645,3544.24423051091,2153.32918448523,28.7771523869974,Recruitment at age 1,million fish,21306.6,1719.12,18136.1,25031.2,-0.487172988651385,FALSE
Recruits,2000,1,age_1,3000,24838.0306666667,1843.73240563648,21429.1475,23595.65,24748.3,26078,28599.7925,1.00043145247879,2577.04317942263,2296.85991081872,36.1436205648003,Recruitment at age 1,million fish,24821.8,1875.29,21345.4,28864.4,-0.296110676904959,FALSE
Recruits,2001,1,age_1,3000,16780.5122666667,1375.10328647428,14153.3725,15834.65,16736.65,17693.025,19639.8475,1.00245724302476,2894.50279059923,2116.0530687182,25.705900318649,Recruitment at age 1,million fish,16785.8,1345.2,14303.6,19698.8,-0.292807015453522,FALSE
Recruits,2002,1,age_1,3000,19245.964,1383.31197797658,16601.6325,18331.4,19227.1,20133.425,21974.2175,1.00025811602212,2971.2440966319,2252.42948157586,25.4429775635662,Recruitment at age 1,million fish,19150.4,1382.6,16578.7,22121.1,0.400513827387394,FALSE
Recruits,2003,1,age_1,3000,9240.59287666667,869.315767826602,7591.93225,8639.8975,9223.7,9806.165,11001.12,1.00037507907211,3681.93962659256,2270.21433717732,14.2780583354828,Recruitment at age 1,million fish,9143.31,876.232,7551.86,11070.1,0.879222076031549,FALSE
Recruits,2004,1,age_1,3000,9855.74000333333,863.667365747246,8188.972,9262.0975,9852.73,10456.05,11572.48,1.00153797809704,3049.05854129733,2216.84036916578,15.6280812429001,Recruitment at age 1,million fish,9741.42,881.211,8132.23,11669,1.14264655460907,FALSE
Recruits,2005,1,age_1,3000,13441.3282833333,1066.90547733987,11428.99,12723.35,13423.25,14143.375,15620.2275,1.00069369199075,2444.50791943662,2026.75102241954,21.5324876211596,Recruitment at age 1,million fish,13432.8,1088.55,11425.9,15792,-0.0710946340301333,FALSE
Recruits,2006,1,age_1,3000,7876.59420333333,802.568980440324,6371.398,7338.675,7868.09,8391.4775,9538.8975,1.0025766763359,1541.93228047813,2483.92288347343,20.393127855372,Recruitment at age 1,million fish,7845.76,851.607,6318.75,9741.79,0.2846123256383,FALSE
Recruits,2007,1,age_1,3000,2614.91506,423.577768968011,1900.273,2314.88,2585.385,2878.405,3527.11225,1.00049052764405,2284.01545602291,2386.25722329188,9.0168229034682,Recruitment at age 1,million fish,2569.65,420.305,1856.69,3556.38,0.612340201973027,FALSE
Recruits,2008,1,age_1,3000,5288.32916333333,617.818226383363,4162.60625,4863.7025,5242.04,5667.3525,6602.238,1.0042398035616,953.207347248623,1952.32047687112,19.9551609233551,Recruitment at age 1,million fish,5242.14,628.683,4127.74,6657.42,-0.00190761788125826,FALSE
Recruits,2009,1,age_1,3000,7836.22031333333,663.813666391554,6601.73925,7388.3525,7806.065,8281.9975,9201.02,1.00275011461688,1100.02875091113,2160.99744388188,20.0060684261647,Recruitment at age 1,million fish,7915.47,723.23,6595.98,9498.92,-1.38216682016356,FALSE
Recruits,2010,1,age_1,3000,4629.94541666667,466.847628911726,3746.88725,4303.06,4620.84,4940.2625,5569.03675,1.00389890106482,2095.15404953103,2238.01985097617,10.2032279043153,Recruitment at age 1,million fish,4683.95,478.722,3820.05,5743.23,-1.34736707266302,FALSE
Recruits,2011,1,age_1,3000,3354.10606666667,336.503988977537,2736.77325,3124.4875,3347.13,3566.975,4051.254,0.999845102404478,3368.17474062073,2435.96844663026,5.85578985803247,Recruitment at age 1,million fish,3362.75,335.947,2755.09,4104.43,-0.464500780611099,FALSE
Recruits,2012,1,age_1,3000,3512.60195666667,334.633274276218,2888.9705,3288.9,3499.575,3723.035,4226.13,1.00026674265627,3083.51809058261,2475.41937238788,6.00639717574869,Recruitment at age 1,million fish,3500.94,341.698,2881.44,4253.63,-0.038989528526634,FALSE
Recruits,2013,1,age_1,3000,3545.26558,358.233703354114,2880.96775,3309.74,3524.3,3769.315,4304.40775,1.00002385166851,3775.22139909155,1927.82315269656,5.91164409254149,Recruitment at age 1,million fish,3516.6,348.791,2885.25,4286.1,0.218961496900416,FALSE
Recruits,2014,1,age_1,3000,5148.15514,424.177713670939,4364.63725,4848.66,5135.69,5423.6775,6014.0015,0.999543906699188,3213.32562232283,2583.08289974835,7.46951674049599,Recruitment at age 1,million fish,5125.32,426.699,4340.43,6052.14,0.202328830199883,FALSE
Recruits,2015,1,age_1,3000,4960.99272,442.199001957918,4164.452,4651.585,4942.365,5240.3925,5875.2615,1.00199503724939,2733.29701895164,2159.72657353007,8.52550346845909,Recruitment at age 1,million fish,4931.32,432.443,4139.43,5874.72,0.223976541777859,FALSE
Recruits,2016,1,age_1,3000,6745.88173666667,557.664392893836,5695.69175,6362.2325,6726.61,7104.54,7894.97775,1.0021319553808,1788.26292012456,2111.63894535848,13.2434721352039,Recruitment at age 1,million fish,6695.58,550.868,5681.29,7890.95,0.463440060457798,FALSE
Recruits,2017,1,age_1,3000,9662.48113333333,784.909527537913,8231.6485,9108.6675,9652.105,10167.15,11249.245,1.00799359086656,976.348489180634,1766.41702417483,25.0619414842346,Recruitment at age 1,million fish,9585.77,791.339,8129.12,11303.4,0.692015351922692,FALSE
Recruits,2018,1,age_1,3000,11970.76816,1220.69379420105,9792.79825,11114.75,11916.05,12708.2,14563.5225,1.01208430003363,776.485833345543,1653.95703052181,44.3477126281541,Recruitment at age 1,million fish,11922.9,1198.95,9755.67,14571.6,-0.0574524654236797,TRUE
Recruits,2019,1,age_1,3000,9624.04727333333,1130.01251886928,7634.08025,8836.285,9541.045,10299.55,12073.45,1.00847307897041,904.374426317325,1996.40474731179,38.1006986414487,Recruitment at age 1,million fish,9622.41,1118.99,7631.57,12132.6,-0.845578186753626,FALSE
Recruits,2020,1,age_1,3000,7906.40202666667,1072.48230014402,5996.30975,7139.8875,7838.26,8550.035,10174.66,1.0047387011056,1358.21223696421,1955.94890677499,29.4847824121283,Recruitment at age 1,million fish,7925.23,1056.98,6076.86,10335.8,-1.09738140091833,FALSE
Recruits,2021,1,age_1,3000,10552.50528,1423.64098315508,8084.20725,9536.075,10478.1,11458.675,13617.5275,1.00475276899686,1628.71438111471,2270.75596273864,35.0656634030865,Recruitment at age 1,million fish,10558.9,1372.11,8151.2,13677.9,-0.765231226737628,FALSE
Recruits,2022,1,age_1,3000,6497.18096,1181.39949532323,4513.10625,5681.3875,6375.465,7225.73,9094.6615,1.00497491499338,1674.26719560027,2096.84507517045,28.4427974768216,Recruitment at age 1,million fish,6489.68,1161.03,4550.42,9255.4,-1.75994810221768,FALSE
Recruits,2023,1,age_1,3000,5094.11550666667,1157.1126210007,3184.58725,4255.0675,4987.425,5766.95,7711.53925,1.00427069545085,2085.6775040317,2112.3077255234,24.7987950308991,Recruitment at age 1,million fish,5070.68,1175.88,3208.29,8014.17,-1.64189023957341,FALSE
Recruits,2024,1,age_1,3000,8455.51961666667,2188.96648692074,4905.58,6975.44,8209.885,9703.9325,13534.075,1.00116277728901,2567.91165527736,1844.09825679019,44.2227440135596,Recruitment at age 1,million fish,8332.15,2070.9,5106.24,13596,-1.46738836914841,FALSE
Recruits,2025,1,age_1,3000,14641.8247433333,4057.65261275372,8186.26925,11787.8,14137.5,16962.925,23834.9925,1.00351474729651,2101.27162337339,2038.87689451364,88.7827094796167,Recruitment at age 1,million fish,14314.4,3918.68,8361.25,24506,-1.23581847649918,FALSE
Recruits,2026,1,age_1,3000,5762.8855,2176.18947624355,2604.80975,4184.6425,5382.805,6966.6175,10768.29,1.00012873741074,2638.24192627246,2098.13533263696,42.784686472463,Recruitment at age 1,million fish,5559.86,2038.39,2732.77,11311.7,-3.18452263186482,FALSE
SSB,1970,1,all,3000,14530.9369133333,2471.04633731569,10285.8325,12719.85,14345.85,16121.575,19810.8125,1.03023537786622,184.24215224239,556.705259934919,175.033677728848,Spawning biomass,thousand tonnes (kt),13314.7,2100.74,9730.38,18219.3,7.74444786589259,TRUE
SSB,1971,1,all,3000,13644.08458,2316.23197949286,9784.005,11961.725,13464.15,15154.95,18617.1975,1.03344923899943,165.432018630684,503.335209711129,172.455874125324,Spawning biomass,thousand tonnes (kt),12525.2,1990.82,9132.41,17178.4,7.4964870820426,TRUE
SSB,1972,1,all,3000,13094.50454,2198.64058080031,9336.91375,11505.4,12976.85,14475.175,17674.0225,1.03642344068156,165.893328173716,388.03827868795,166.480690968778,Spawning biomass,thousand tonnes (kt),12080.4,1907.18,8826.69,16533.6,7.42069799013276,TRUE
SSB,1973,1,all,3000,12510.27013,2088.52284690208,8829.2395,11002.225,12435.95,13790.575,16816.355,1.03837419021698,161.082679427335,473.491475777335,161.797089134807,Spawning biomass,thousand tonnes (kt),11610.2,1825.79,8493.34,15870.8,7.11228058086855,TRUE
SSB,1974,1,all,3000,11605.0806066667,1941.70491227717,8120.46,10200.9,11523.2,12783.6,15559.75,1.03954593156497,157.840691497259,360.311567517465,152.594051947036,Spawning biomass,thousand tonnes (kt),10826.8,1713.82,7904.21,14830.1,6.43218679572912,TRUE
SSB,1975,1,all,3000,10992.95633,1811.02427952809,7713.3055,9709.8375,10945.7,12113.675,14725.57,1.0398748898853,148.923368270926,354.854365389381,146.514821391127,Spawning biomass,thousand tonnes (kt),10329.7,1613.07,7572.95,14089.9,5.96338712644122,TRUE
SSB,1976,1,all,3000,10917.6513966667,1736.29730621424,7795.627,9669.36,10860.6,11978.05,14587.0425,1.03978105134246,143.748093846344,327.16959064766,142.887470459456,Spawning biomass,thousand tonnes (kt),10369.3,1561.77,7685.33,13990.7,4.73802474612559,TRUE
SSB,1977,1,all,3000,10849.6162,1680.0898215431,7804.9665,9649.55,10817.85,11894.55,14442.5425,1.03909272870251,150.649119967247,285.579032877661,135.265774792158,Spawning biomass,thousand tonnes (kt),10409.2,1529.82,7770.45,13944.2,3.9258540521846,TRUE
SSB,1978,1,all,3000,10875.7672833333,1615.19005533008,7966.10575,9758.035,10821,11872.35,14324.4325,1.03833200718427,158.045450950941,262.109359964821,126.984707667068,Spawning biomass,thousand tonnes (kt),10522.1,1490.25,7937.73,13948,2.84068769542201,TRUE
SSB,1979,1,all,3000,10958.93755,1550.87188321521,8147.6525,9887.28,10890.35,11901.525,14309.7575,1.03642921860868,161.639296197731,266.373343731273,121.0466314992,Spawning biomass,thousand tonnes (kt),10660,1446.94,8135.76,13967.5,2.1608818011257,TRUE
SSB,1980,1,all,3000,11118.78133,1485.28113820925,8441.11125,10074.425,11041.7,12014.3,14376.4825,1.03363024661488,165.492084832011,253.031698302481,114.638452956111,Spawning biomass,thousand tonnes (kt),10867.9,1399.52,8409.14,14045.6,1.59920499820574,TRUE
SSB,1981,1,all,3000,10857.8019733333,1418.97613923122,8308.06275,9878.5675,10775.75,11713.075,13972.9375,1.02947584675783,172.975855300923,262.002333545008,107.413892352078,Spawning biomass,thousand tonnes (kt),10640.9,1345.68,8271.22,13689.5,1.26728002330629,TRUE
SSB,1982,1,all,3000,10201.03733,1347.50325499171,7786.981,9284.4625,10100.2,11035.325,13134.5675,1.02449249289848,184.286402692586,267.258236157641,98.8966159373596,Spawning biomass,thousand tonnes (kt),9990.72,1281.87,7737.61,12899.9,1.09581691810001,TRUE
SSB,1983,1,all,3000,10970.9074033333,1262.47421519389,8753.47275,10100,10876.15,11734.325,13747.09,1.01962062976242,200.229179337169,326.45987136813,88.8162130256904,Spawning biomass,thousand tonnes (kt),10739.4,1208.43,8581.22,13440.2,1.27334860420509,TRUE
SSB,1984,1,all,3000,11213.9585,1200.38889295644,9096.4025,10345.95,11144.3,11977.05,13837.8375,1.01588212866112,226.687266935214,414.383908770898,79.1347470450712,Spawning biomass,thousand tonnes (kt),10973.2,1160.05,8887.18,13548.8,1.55925345386942,TRUE
SSB,1985,1,all,3000,11561.3516066667,1123.84837275646,9571.50275,10765.1,11477.6,12298.7,13905.2875,1.01286366534916,259.672340717606,483.292509205707,69.4103179855796,Spawning biomass,thousand tonnes (kt),11333.5,1092.58,9350.3,13737.5,1.27145189041336,TRUE
SSB,1986,1,all,3000,15007.8919666667,1022.13651168601,13161.8,14297.15,14937.8,15664.175,17158.2025,1.00875494537142,315.491094343311,714.668855552889,57.2820690788383,Spawning biomass,thousand tonnes (kt),14767.5,986.533,12922.5,16876,1.15320805823598,TRUE
SSB,1987,1,all,3000,19837.4560333333,948.392981746601,18133.925,19172.3,19779.05,20454,21807.0675,1.00484897663151,439.610434129651,943.892403675238,45.0668630119553,Spawning biomass,thousand tonnes (kt),19579.8,900.869,17859.4,21466,1.01763041501957,FALSE
SSB,1988,1,all,3000,21605.868,906.1486542048,19960.03,20994,21554.65,22208.7,23494.875,1.00377186698545,587.051557360128,1358.38482778793,37.2199917985376,Spawning biomass,thousand tonnes (kt),21359.8,850.804,19724.9,23130.3,0.912227642580943,FALSE
SSB,1989,1,all,3000,20123.3787,835.302077815791,18557.4925,19545.475,20090.95,20653.425,21866.3925,1.00317326023205,684.421601992777,1693.28923116342,31.76734680039,Spawning biomass,thousand tonnes (kt),19905.4,790.39,18386.4,21550,0.932159112602604,FALSE
SSB,1990,1,all,3000,18326.0814,761.852843335908,16901.755,17805.45,18303.35,18801.9,19934.2675,1.00194443771422,830.464451387787,2100.41033784766,26.1116460520342,Spawning biomass,thousand tonnes (kt),18135.3,732.241,16728.9,19659.9,0.926645823339012,FALSE
SSB,1991,1,all,3000,16675.6542333333,707.487942034906,15408.4875,16194.3,16667.15,17123.9,18167.7275,1.00073063720217,1019.11805379236,1897.67661011903,22.0307539578378,Spawning biomass,thousand tonnes (kt),16515.1,675.638,15218.1,17922.6,0.92067259659343,FALSE
SSB,1992,1,all,3000,15241.6832666667,623.520543753631,14047.4825,14819.675,15222.5,15656.75,16529.5025,1.00058477181641,1449.6759338434,2112.12886370518,16.5253248338806,Spawning biomass,thousand tonnes (kt),15116.5,592.34,13977.5,16348.4,0.701220520623158,FALSE
SSB,1993,1,all,3000,13410.2392,530.76225114368,12408.49,13039.9,13403.8,13764.125,14463.1225,1.00021780721358,2023.42420954008,2403.86466459316,11.8421442317369,Spawning biomass,thousand tonnes (kt),13328.5,513.981,12339.5,14396.7,0.564954796113582,FALSE
SSB,1994,1,all,3000,10517.3989633333,439.366980593411,9673.12625,10217.025,10514.9,10816.85,11389.92,0.999795846525437,2481.20014190384,2033.69416980456,8.83977814435575,Spawning biomass,thousand tonnes (kt),10462.6,426.327,9644.05,11350.5,0.499875747902046,FALSE
SSB,1995,1,all,3000,7492.14050666667,343.50672821395,6837.6215,7250.145,7487.475,7725.3225,8148.65975,1.00047569422884,2389.98787220058,2380.95029543656,7.00871024914918,Spawning biomass,thousand tonnes (kt),7458.54,334.753,6818.51,8158.65,0.387944557513942,FALSE
SSB,1996,1,all,3000,5275.65092,290.63667231428,4734.5145,5083.4475,5269.275,5471.1375,5855.88425,1.0010290272608,1986.60092485188,2408.68662915331,6.55023427596374,Spawning biomass,thousand tonnes (kt),5263.42,281.664,4729.55,5857.55,0.11123946027487,FALSE
SSB,1997,1,all,3000,3733.10275333333,254.134205528416,3267.88075,3554.805,3727.32,3895.5025,4256.274,1.00460195839862,1261.01335617334,2224.61439859341,7.1217497960551,Spawning biomass,thousand tonnes (kt),3718.97,244.586,3261.07,4241.17,0.224524532330195,FALSE
SSB,1998,1,all,3000,3758.73772333333,262.857536933014,3284.39425,3576.1825,3748.66,3933.395,4308.21675,1.00663648753123,872.719565255411,1942.7457558416,8.86655033649668,Spawning biomass,thousand tonnes (kt),3738.47,257.733,3257.49,4290.46,0.272571399529764,FALSE
SSB,1999,1,all,3000,4840.91433666667,286.469017656684,4308.61675,4643.0225,4832.07,5033.655,5434.3575,1.00463094443037,1122.2229200668,2174.193959433,8.52179812164499,Spawning biomass,thousand tonnes (kt),4826.59,286.117,4287.43,5433.57,0.113537715032752,FALSE
SSB,2000,1,all,3000,6442.15411,295.773084013883,5887.767,6240.45,6430.895,6637.645,7047.629,1.00188619358643,1223.15864795524,2156.92335344723,8.44575538866651,Spawning biomass,thousand tonnes (kt),6432.73,305.171,5850.76,7072.59,-0.0285259912976121,FALSE
SSB,2001,1,all,3000,6732.58556666667,305.852811708871,6145.44175,6524.47,6727.235,6935.395,7356.93625,1.00036237599056,1218.68051469194,1926.89570973287,8.76065617815274,Spawning biomass,thousand tonnes (kt),6726.27,319.714,6116.62,7396.68,0.0143467330333102,FALSE
SSB,2002,1,all,3000,7247.69478666667,294.710067684416,6690.67475,7047.7375,7242.815,7439.4425,7834.65525,1.00126802955693,1046.98413710386,2032.24436136399,9.14165910260041,Spawning biomass,thousand tonnes (kt),7235.97,307.647,6646.37,7877.88,0.0945968543263787,FALSE
SSB,2003,1,all,3000,7170.03484,283.910834050889,6627.60975,6978.6025,7164.605,7353.37,7737.35225,1.0018381527497,948.487244889946,1685.87950232372,9.22609809094317,Spawning biomass,thousand tonnes (kt),7145.73,298.142,6573.89,7767.32,0.264143761379176,FALSE
SSB,2004,1,all,3000,6433.07325666667,258.339690406076,5949.94575,6256.29,6425.435,6607.3725,6951.87875,1.00203987203003,840.370404698605,1734.47393244201,8.90518210286574,Spawning biomass,thousand tonnes (kt),6395.26,274.194,5869.96,6967.57,0.471833826928059,FALSE
SSB,2005,1,all,3000,6030.83377333333,226.082743046426,5598.21675,5876.0375,6023.435,6180.755,6484.4085,1.00341243615546,636.549620888451,1490.19162913339,8.95885240683886,Spawning biomass,thousand tonnes (kt),5986.17,239.146,5526.66,6483.88,0.622518237871628,FALSE
SSB,2006,1,all,3000,5202.44565666667,189.952755750935,4840.88575,5070.1425,5203.235,5328.2825,5581.67225,1.00631984688712,457.651391218492,1090.8071551103,8.90648961990024,Spawning biomass,thousand tonnes (kt),5152.91,197.341,4773.1,5562.94,0.976632621179108,FALSE
SSB,2007,1,all,3000,3599.45063,156.899711837938,3295.059,3490.155,3597.955,3704.5275,3911.9465,1.01073279218392,303.449262857433,1048.62678701905,9.05283850307028,Spawning biomass,thousand tonnes (kt),3548.01,163.372,3236.02,3890.08,1.40769050820035,TRUE
SSB,2008,1,all,3000,2432.00052333333,120.705524352295,2204.797,2346.01,2430.06,2511.35,2673.89175,1.01436309688203,237.712557570966,909.175393342969,7.87899526703088,Spawning biomass,thousand tonnes (kt),2375.29,121.612,2144.25,2631.22,2.30582370994699,TRUE
SSB,2009,1,all,3000,1858.12152666667,88.9988972053618,1688.205,1796.76,1855.145,1916.0075,2038.5,1.01924089085839,188.234971099825,884.929481430389,6.51295978966849,Spawning biomass,thousand tonnes (kt),1810.85,82.2153,1653.74,1982.88,2.44608885330093,TRUE
SSB,2010,1,all,3000,1697.91421333333,80.580184698865,1552.20525,1639.5725,1695.41,1750.6275,1857.80475,1.01812232166122,235.977204648025,1443.11648301448,5.30524699627889,Spawning biomass,thousand tonnes (kt),1666.8,75.899,1521.78,1825.63,1.71646268298535,TRUE
SSB,2011,1,all,3000,1540.03526666667,79.4005064891852,1393.446,1484.4625,1536.905,1592.6575,1700.788,1.01500470741963,380.035440428799,1228.72737503223,4.12194005663796,Spawning biomass,thousand tonnes (kt),1517.09,76.2782,1372.04,1677.47,1.30611895141357,TRUE
SSB,2012,1,all,3000,1531.04138,82.9933339270152,1373.905,1475.495,1527.44,1586.185,1704.87325,1.01263377350364,555.047415338097,1097.62670073761,3.52213393995865,Spawning biomass,thousand tonnes (kt),1511.73,78.8232,1362.12,1677.77,1.03920673665272,TRUE
SSB,2013,1,all,3000,1649.70289333333,88.6624469821558,1484.5,1590.7875,1646.705,1707.9775,1831.22575,1.01295098328282,671.619457832283,1250.63017245649,3.43239273098225,Spawning biomass,thousand tonnes (kt),1631.18,84.2877,1471.13,1808.65,0.951764979953151,TRUE
SSB,2014,1,all,3000,1912.77833666667,94.5031306926049,1738.0455,1847.2575,1908.995,1971.375,2107.55475,1.01137781480042,738.15106576719,1809.52922567541,3.49192291567637,Spawning biomass,thousand tonnes (kt),1894.46,90.3222,1722.25,2083.88,0.767237101865437,TRUE
SSB,2015,1,all,3000,2236.89129333333,103.023397771041,2048.58225,2165.78,2232.005,2305.05,2446.1375,1.01050857994334,732.806146147788,1408.67735187387,3.82514436833573,Spawning biomass,thousand tonnes (kt),2218.78,98.9594,2029.52,2425.68,0.596048278783834,TRUE
SSB,2016,1,all,3000,2662.23940333333,115.497819016103,2448.15825,2581.0675,2659.67,2739.7025,2890.63125,1.01297017626486,593.578450757394,1894.09190952897,4.77118354144358,Spawning biomass,thousand tonnes (kt),2640.34,112.424,2424.9,2874.93,0.732102683745262,TRUE
SSB,2017,1,all,3000,3363.67965333333,144.813334030114,3096.04225,3262.4875,3359.165,3455.8325,3660.3535,1.01840732326456,295.633863614777,1315.39765679855,8.54542910486327,Spawning biomass,thousand tonnes (kt),3333.53,143.374,3058.89,3632.82,0.769004628726888,TRUE
SSB,2018,1,all,3000,4334.41811666667,212.579152330189,3952.254,4181.32,4327.47,4470.795,4781.13425,1.0241801567292,197.57250809472,791.846001427381,15.2916041752178,Spawning biomass,thousand tonnes (kt),4297.38,209.89,3897.68,4738.07,0.700194071736737,TRUE
SSB,2019,1,all,3000,5163.39750666667,301.14096398616,4638.84175,4947.47,5148.605,5354.74,5807.27425,1.0260609677857,157.071046813702,911.359736530628,24.799065247487,Spawning biomass,thousand tonnes (kt),5124.74,298.494,4561.66,5757.33,0.465682161436476,TRUE
SSB,2020,1,all,3000,5675.98993,371.48074741283,5029.6585,5410.8225,5654.71,5911.9575,6482.583,1.02629918201645,151.001171124945,919.267084715245,31.5422088455897,Spawning biomass,thousand tonnes (kt),5640.4,369.722,4948.08,6429.6,0.253705410963767,TRUE
SSB,2021,1,all,3000,6202.36109666667,445.887048376529,5418.38925,5886.9825,6167.77,6491.5375,7174.76125,1.02603224294518,145.183705998484,874.570560946797,38.9371074569464,Spawning biomass,thousand tonnes (kt),6170.65,440.219,5351.11,7115.71,-0.0466725547551561,TRUE
SSB,2022,1,all,3000,6558.70413333333,521.584101018613,5657.6615,6186.7225,6513.64,6901.2725,7662.88925,1.02634081580706,152.939413603301,941.574358408091,45.0955868287074,Spawning biomass,thousand tonnes (kt),6530.22,511.144,5585.27,7635.05,-0.253896499658524,TRUE
SSB,2023,1,all,3000,6372.55392666667,572.499345199858,5369.19625,5972.1425,6322.635,6743.67,7601.46925,1.02709608334766,180.926205179897,971.790703187076,46.7347979192116,Spawning biomass,thousand tonnes (kt),6345.06,561.949,5316.91,7572.02,-0.353424553904935,TRUE
SSB,2024,1,all,3000,6006.97506,628.908108398516,4901.63725,5571.66,5965.41,6405.24,7350.6,1.02596020855532,278.631862489777,960.61039340552,41.0100124167194,Spawning biomass,thousand tonnes (kt),5972.94,622.992,4851.07,7354.26,-0.126068569247306,TRUE
SSB,2025,1,all,3000,6090.26572666667,809.630694181567,4675.74275,5516.3825,6040.095,6575.0125,7848.3745,1.02284729674823,450.872195431132,1115.16529035864,38.9727983456705,Spawning biomass,thousand tonnes (kt),6030.68,788.365,4648.36,7824.07,0.156118381343373,TRUE
SSB,2026,1,all,3000,6202.40729666667,1014.08738011302,4474.058,5486.605,6136.29,6815.175,8425.26325,1.0180703627196,557.332796388689,1631.24994806,43.7309484603007,Spawning biomass,thousand tonnes (kt),6108.87,973.716,4450.21,8385.73,0.448855516650371,TRUE
