iter,year,stock,harvest
1,2007,0.679611217059112,3.7547541921054
1,2008,0.438212790031806,4.20952860282564
1,2009,0.336751627538508,4.3564079393358
1,2010,0.323310052731395,3.10274633376133
1,2011,0.295442729840986,2.73763901756735
1,2012,0.288216665848213,2.06139360669206
1,2013,0.297003202520133,1.83221782655944
1,2014,0.337563316838454,1.82730021718052
1,2015,0.398602352194422,1.32876072406094
1,2016,0.489081358459446,1.33924701112042
1,2017,0.634505642661091,1.32879471700974
1,2018,0.83360694026819,1.41293219943534
1,2019,0.979290965045818,1.23497345060375
1,2020,1.09275295383882,1.10687647744439
1,2021,1.2180432849553,0.966618437230052
1,2022,1.30535061528078,0.717631085358264
1,2023,1.28167769684785,0.979465827761829
1,2024,1.25771054104368,0.965963621291925
1,2025,1.3398798781005,1.02762542264302
1,2026,1.35677924932538,0.953804938149747
2,2007,0.418519671319653,3.57477184218581
2,2008,0.289260935935651,3.57450058794503
2,2009,0.223667135899734,3.88625127786254
2,2010,0.200085609575917,2.94274201523351
2,2011,0.178972939865981,2.17557264208725
2,2012,0.173343044920902,1.85737143574985
2,2013,0.185329963813777,1.45996286190672
2,2014,0.214606770326328,1.40242460823789
2,2015,0.24809867039107,1.15752155293408
2,2016,0.291521236168907,1.04033260466043
2,2017,0.372303577373234,1.08770705529996
2,2018,0.48568158987151,1.4519412807627
2,2019,0.578985205235825,1.15123672198441
2,2020,0.634036198398219,0.991106875159921
2,2021,0.694378886969544,0.826293444657481
2,2022,0.731273074367936,0.673682534472804
2,2023,0.696642569198161,0.868239301862509
2,2024,0.65487718114745,1.02512501982637
2,2025,0.693577354068873,1.18690760037147
2,2026,0.719223024894981,0.971807512699492
3,2007,0.579090680250763,3.68437806180837
3,2008,0.401367417685449,3.81864958174621
3,2009,0.312926994822223,3.8903115972554
3,2010,0.281946072977987,3.32922839628711
3,2011,0.256288224664063,2.7863159396066
3,2012,0.258500194423134,2.10713980649014
3,2013,0.28610811260761,1.53096337264955
3,2014,0.340910247241836,1.41669300260021
3,2015,0.40608662013523,1.1689482531826
3,2016,0.470825937163711,1.0160748698242
3,2017,0.569747360024102,1.17233523604982
3,2018,0.739191583438385,1.44771062647498
3,2019,0.881496639424074,1.2220709407601
3,2020,0.953715950720784,0.942525040816549
3,2021,1.0663962925652,0.799805621642537
3,2022,1.16426010695858,0.672800763991284
3,2023,1.14532491183399,0.80247042722374
3,2024,1.04589970702244,0.949050646177082
3,2025,1.01891734589652,1.08134220645394
3,2026,1.04912090883599,0.765821128163655
4,2007,0.574196462709974,3.47847460113885
4,2008,0.375953298588602,3.83155683373693
4,2009,0.293006927750393,4.19346505377725
4,2010,0.265954925441418,3.16506239998046
4,2011,0.236197557738823,2.8494226622813
4,2012,0.231224508166058,2.18227965587422
4,2013,0.25597249049695,1.6405931367374
4,2014,0.303493108998313,1.65920539868085
4,2015,0.361366126942417,1.15961739662156
4,2016,0.436353306186087,1.08260376055468
4,2017,0.553645265156364,1.33371643903957
4,2018,0.71868411555775,1.48703039318273
4,2019,0.835493799378493,1.32144609992564
4,2020,0.911536368418575,0.902150074200642
4,2021,0.985203897509924,0.817800923458251
4,2022,1.00454610393525,0.773839124660696
4,2023,0.951186983195519,1.0128005332721
4,2024,0.875674586494479,1.05356927182424
4,2025,0.922954067421075,1.18668990784655
4,2026,0.964036643001601,0.890262194836022
5,2007,0.394522083788051,3.476748065704
5,2008,0.278895601698919,3.63286490145905
5,2009,0.219772727585762,4.25765306900463
5,2010,0.202151792555958,3.14604679994102
5,2011,0.18430474208837,2.32994526290238
5,2012,0.18446543326243,1.96127177233929
5,2013,0.198042689676419,1.73978198638388
5,2014,0.227459504676343,1.68775475596964
5,2015,0.265301128373424,1.0876323051557
5,2016,0.310062802701999,1.05482553686621
5,2017,0.395537881566932,1.24309430665078
5,2018,0.5256690377032,1.75035265879262
5,2019,0.636667613979398,1.14215646101777
5,2020,0.705628231327341,0.887180444343117
5,2021,0.771061677404663,0.755288440198143
5,2022,0.798167982880422,0.658301076861352
5,2023,0.771284349460147,0.731894108092491
5,2024,0.720842242128543,0.869496253452378
5,2025,0.726363131751612,1.01921855424574
5,2026,0.747545671875051,0.67613395138572
6,2007,0.71310831557463,3.47115536510682
6,2008,0.457816121151207,3.88145628371347
6,2009,0.340458313560285,3.99207688408738
6,2010,0.310526852350797,3.26302591289929
6,2011,0.286154226180468,2.65104921781212
6,2012,0.293952483025126,2.10723239209536
6,2013,0.312215875722682,1.79649598331704
6,2014,0.354736518973898,1.56621127076674
6,2015,0.411875820278078,1.16326488329461
6,2016,0.47714815685561,1.19259197042755
6,2017,0.602497144453488,1.32811340414796
6,2018,0.771826938844682,1.47997492936771
6,2019,0.897174035039008,1.34459389657965
6,2020,0.96151201826188,1.06308225072603
6,2021,1.01754673989172,0.898584555491544
6,2022,1.08388204526545,0.766663099750733
6,2023,1.11429770578423,0.930219570161197
6,2024,1.09429233041534,1.08986500919567
6,2025,1.18980820978843,1.17744965161419
6,2026,1.26939090563996,0.936999476103581
7,2007,0.538265058086183,3.26997073445436
7,2008,0.369508888048277,3.58478749766599
7,2009,0.275909546091026,3.85128572564067
7,2010,0.243213224444954,3.02521592742836
7,2011,0.217711938805999,2.38364866875139
7,2012,0.209296202272916,2.06887188351203
7,2013,0.215533130309071,1.78759331393208
7,2014,0.248899417825208,1.5391898747297
7,2015,0.300112063147122,1.18735611953165
7,2016,0.363056208291254,1.1866032851107
7,2017,0.454850049005449,1.13479480175209
7,2018,0.572079882074652,1.43530470949602
7,2019,0.65357583637503,1.19253144221009
7,2020,0.696721922291056,1.06603057831204
7,2021,0.775310906036577,0.89726353976144
7,2022,0.830238171447389,0.780308365095003
7,2023,0.803171266412922,0.98817492133648
7,2024,0.742611745552073,1.20463125661391
7,2025,0.738654404777197,1.23070275201419
7,2026,0.734119360381313,1.04184137221859
8,2007,0.577483329774766,2.93605463619093
8,2008,0.39527442700661,3.31512521725603
8,2009,0.291469729390133,3.9012570919556
8,2010,0.270410177400996,2.81925976668389
8,2011,0.251350591618268,2.27965961143422
8,2012,0.247539596105135,1.80647097894112
8,2013,0.258459534477912,1.49419586706143
8,2014,0.291824562104173,1.51848722707978
8,2015,0.336564205520337,1.16141206695537
8,2016,0.405573792147905,1.09997082679226
8,2017,0.515074246057286,1.19046930995298
8,2018,0.682052991424108,1.47088076840542
8,2019,0.811606869930001,1.16609596144482
8,2020,0.879671772059151,0.979706695780501
8,2021,0.946721330361545,0.805580152340592
8,2022,0.963146552055188,0.689024173602731
8,2023,0.917213380419071,0.879413568109754
8,2024,0.863977720806561,1.00208584736495
8,2025,0.857799637794139,1.23820586976034
8,2026,0.879433680844102,0.900743543377193
9,2007,0.598811887375868,3.28983189055391
9,2008,0.41057117844686,3.27745504359533
9,2009,0.313008646781678,3.69579126791692
9,2010,0.286389143096433,2.88656119457639
9,2011,0.257525307326206,2.25106883326801
9,2012,0.254704837780686,1.88712344088431
9,2013,0.283656558926249,1.51386481310617
9,2014,0.328595280848296,1.38581785637548
9,2015,0.375705097042543,1.03227630100877
9,2016,0.437037696478742,0.971363934408409
9,2017,0.528209008348622,0.982052630957766
9,2018,0.65398274549681,1.48041337654702
9,2019,0.765714352674572,1.21258302081125
9,2020,0.841876795445324,0.92420758907533
9,2021,0.931456405517444,0.843677702061296
9,2022,0.970612595243741,0.776779794922825
9,2023,0.923413266167206,1.01139850237141
9,2024,0.849636748586144,1.07026701059521
9,2025,0.821793359673991,1.35005615611001
9,2026,0.820486471592598,1.11070737043714
10,2007,0.436487676004519,4.06049992176916
10,2008,0.282962457732556,4.50749014255383
10,2009,0.225844096332555,4.34337729009235
10,2010,0.215613180600844,3.31062096868495
10,2011,0.191421859206326,2.89671672833585
10,2012,0.186525513779425,2.25456350826216
10,2013,0.206317580653327,1.79571184391905
10,2014,0.241764086673294,1.66931487547423
10,2015,0.277153034798849,1.15695403900278
10,2016,0.329127813452771,1.14049428406456
10,2017,0.432195688468943,1.29032842434727
10,2018,0.55768236335854,1.57499480713829
10,2019,0.65636275705977,1.37176224516753
10,2020,0.715400150984822,0.930642289771219
10,2021,0.770002970772232,0.889709965311358
10,2022,0.830892682390175,0.69037202598201
10,2023,0.838507330194073,0.879488216605745
10,2024,0.820039094891645,1.03576474503333
10,2025,0.815095656642044,1.13560677195958
10,2026,0.792024097920629,0.830707587415144
11,2007,0.386526472590153,3.83422238895287
11,2008,0.264998023353379,4.17757449639012
11,2009,0.216813932822732,4.24366490108175
11,2010,0.205412607323111,3.31600278144719
11,2011,0.189609856044081,2.45846383225035
11,2012,0.184709347257325,2.12504325504351
11,2013,0.196712814668362,1.74222608172643
11,2014,0.224179749550652,1.59592778949845
11,2015,0.253764602809826,1.19176416240637
11,2016,0.301742575532334,1.19739515946996
11,2017,0.397493561134426,1.28494285709614
11,2018,0.501838964556769,1.50544479468852
11,2019,0.569752466408008,1.34970449375849
11,2020,0.608071851278359,1.03474791593189
11,2021,0.66005290974657,0.9184616069326
11,2022,0.732160561603865,0.690921674519266
11,2023,0.743967174928478,0.906309583074357
11,2024,0.691227649244926,1.05545764901093
11,2025,0.678238753436551,1.04225214503938
11,2026,0.672389871139315,0.906307997170905
12,2007,0.53884868010945,3.27711327537828
12,2008,0.364634938549466,3.75159306854809
12,2009,0.271328765662108,4.33276525512768
12,2010,0.253023084903963,3.22759469487118
12,2011,0.229860203257758,2.49407400587902
12,2012,0.226718206201988,1.97013613892085
12,2013,0.244708008674292,1.62494713809328
12,2014,0.286486345436253,1.4973271275301
12,2015,0.346304842078406,1.18665415258546
12,2016,0.42776329027368,1.15242917286056
12,2017,0.534690379003586,1.26906335283649
12,2018,0.692745496559902,1.42146947146955
12,2019,0.844310612426957,1.15006172218978
12,2020,0.929341384618131,0.977248277632461
12,2021,1.00617305521598,0.829015384650185
12,2022,1.03628525915067,0.652872503406531
12,2023,0.962075225727081,0.888777659976862
12,2024,0.883973938057642,1.00125549889503
12,2025,0.918369573626879,1.13957607978747
12,2026,0.930734606236353,0.805605942400636
13,2007,0.569334810065774,3.53393201590274
13,2008,0.384523664595632,3.77540794513347
13,2009,0.307582002933644,3.87630600246677
13,2010,0.28132034651679,3.02780412408823
13,2011,0.248956058864416,2.35990481635948
13,2012,0.245045680541964,2.11250554315796
13,2013,0.264089019551266,1.57364819523856
13,2014,0.31209325571621,1.43000454660296
13,2015,0.368850855761025,1.16128285586511
13,2016,0.436981256785265,1.10624206796862
13,2017,0.545182473368274,1.17058723564159
13,2018,0.696817211798546,1.38766245790647
13,2019,0.829619856146899,1.14286768674423
13,2020,0.900718639595186,0.897608532440297
13,2021,0.963766644144306,0.798006930934884
13,2022,1.00819223476165,0.68549603241876
13,2023,0.968542344280411,0.876089483279339
13,2024,0.947236337382247,0.987967400213943
13,2025,0.984506201681635,1.08113152373248
13,2026,0.998986650259456,0.827848992383606
14,2007,0.492886831125388,3.57798828814158
14,2008,0.33208297858872,3.76536303046914
14,2009,0.254987784947298,3.73159604042763
14,2010,0.237093881521241,2.79901588649108
14,2011,0.220871304731373,2.36801445167911
14,2012,0.222527720910953,1.87319189164497
14,2013,0.236580148516281,1.55360774569884
14,2014,0.264350196201277,1.34381576842396
14,2015,0.292955229456339,1.09212882549791
14,2016,0.346219446949477,1.04445575964606
14,2017,0.444914470232155,1.10687338536115
14,2018,0.587592629517309,1.43676494174554
14,2019,0.717531836874725,1.16515167904666
14,2020,0.80076471665456,0.910016461334917
14,2021,0.889590373158576,0.75182451991077
14,2022,0.955231625132686,0.574536182505803
14,2023,0.942175487128006,0.76082005180141
14,2024,0.8743627304733,0.891829780473834
14,2025,0.806166368434943,1.01560430827093
14,2026,0.760801981952112,0.819744553811746
15,2007,0.556157386144868,3.06434532902425
15,2008,0.386835675503156,3.50148203371248
15,2009,0.296557537480625,3.68158082773743
15,2010,0.278236904961662,2.81959223190378
15,2011,0.255989879307148,2.18154465680971
15,2012,0.250583292246416,1.87755163630447
15,2013,0.264690011946519,1.42096052881676
15,2014,0.300585855583275,1.3597450634326
15,2015,0.349788231865,1.11723616940655
15,2016,0.427030622976048,1.06436907409846
15,2017,0.557281603319285,1.10006026315901
15,2018,0.71674701751573,1.42574299381024
15,2019,0.830861906425882,1.14934613465751
15,2020,0.899224655254012,0.835705729634599
15,2021,0.97858769418798,0.754023155926681
15,2022,1.01851794100005,0.597250252132551
15,2023,0.960945547270898,0.810740738571356
15,2024,0.853962363521328,0.871260343218145
15,2025,0.776821897377379,1.11811090544389
15,2026,0.706962220674247,1.05040369816186
16,2007,0.490161030701682,3.73365767443144
16,2008,0.320698570381352,4.06728990909506
16,2009,0.248940962349102,3.92880966607281
16,2010,0.224542827745581,3.19745008227933
16,2011,0.199272206096507,2.54583331839003
16,2012,0.203544242352521,2.12496400076531
16,2013,0.22036666918688,1.6942420969446
16,2014,0.253547200864324,1.55656128267573
16,2015,0.306132008796642,1.19837295461116
16,2016,0.369133243701383,1.27465903439328
16,2017,0.449341785911128,1.32290422008784
16,2018,0.57300073086199,1.50001207285144
16,2019,0.680931624409256,1.30453673705587
16,2020,0.760055378957968,0.978218807462736
16,2021,0.84419490675757,0.922435775654598
16,2022,0.89828088549354,0.670770151541812
16,2023,0.861766549312365,0.888416223536033
16,2024,0.804545369874241,1.04535878193174
16,2025,0.823127837295,0.962215386664225
16,2026,0.807390198121674,0.732809252746829
17,2007,0.471072234414982,3.59026997662967
17,2008,0.328244648621817,4.13185681486567
17,2009,0.25457700503074,4.00693978804075
17,2010,0.240918572162216,3.08696117714607
17,2011,0.220389068621836,2.52494578105161
17,2012,0.215473985986922,2.0685808214432
17,2013,0.23342247820894,1.53306256180173
17,2014,0.267003528172715,1.55591911997781
17,2015,0.299031785921713,1.19471493617753
17,2016,0.337395380101351,1.24918747701771
17,2017,0.425463671707638,1.29278952445654
17,2018,0.576663500161069,1.54822433315058
17,2019,0.719125558945904,1.33941260602483
17,2020,0.787084284529013,1.12575187383414
17,2021,0.855980545034253,1.02411944537787
17,2022,0.917536967406571,0.716610011372833
17,2023,0.906959006425044,0.899286246309877
17,2024,0.833620616169715,1.04906314335283
17,2025,0.775118158000584,1.03966670725343
17,2026,0.796135960979573,0.918984916730706
18,2007,0.43895284348432,3.67145199395829
18,2008,0.284459290100024,4.10262737654744
18,2009,0.212426600373961,4.37116291877664
18,2010,0.202240184708326,3.18555911780401
18,2011,0.187744709784233,2.69564187467101
18,2012,0.190593198375435,2.30886308755132
18,2013,0.212187347374436,1.58004687543558
18,2014,0.245269398251148,1.41038769179713
18,2015,0.284555742879937,1.12112085492092
18,2016,0.338987679222105,0.992976417238755
18,2017,0.420388814934799,1.19692070647878
18,2018,0.546387461339033,1.49856483990717
18,2019,0.652718509075518,1.23097229395621
18,2020,0.699261359600891,0.993388659628821
18,2021,0.751999735443804,0.84543155718048
18,2022,0.793949178905,0.662309971497515
18,2023,0.784658396195702,0.860521584471231
18,2024,0.767974570537734,1.02771260102012
18,2025,0.790014657064646,1.11121464796947
18,2026,0.788565360098938,0.839045641506558
19,2007,0.408035615732735,3.26905350893459
19,2008,0.274845709766413,4.19171176328046
19,2009,0.226153449563201,3.79438008528361
19,2010,0.202797367563076,2.83233919845094
19,2011,0.174400513107227,2.3260738828934
19,2012,0.174608272321958,1.82033931624932
19,2013,0.190258692720988,1.43031039859037
19,2014,0.223346959165333,1.35616575034195
19,2015,0.261961156455108,1.07911440300008
19,2016,0.312653244183351,1.18892523357629
19,2017,0.399494274608702,1.24059936638096
19,2018,0.530041344083732,1.36012092828383
19,2019,0.657643803906407,1.20224780137444
19,2020,0.725745881695868,0.938849123294631
19,2021,0.781818817019031,0.819903029778921
19,2022,0.815651070371992,0.722561248398904
19,2023,0.780193884613318,0.838464658812784
19,2024,0.752459770445799,0.901085385759007
19,2025,0.802392782607374,1.09929014976214
19,2026,0.830681695124843,0.902988257011308
20,2007,0.781986020696707,3.06480887768431
20,2008,0.520057836471434,3.41779745250069
20,2009,0.388969282655664,3.50981252726876
20,2010,0.358588866930055,2.68534523794981
20,2011,0.320783869606472,2.16752174979742
20,2012,0.303186748807471,1.7956738311525
20,2013,0.322853657929455,1.52559184803721
20,2014,0.366799419283254,1.38747300100662
20,2015,0.42086283908709,1.10352493815028
20,2016,0.513123261578711,1.002363321912
20,2017,0.664421651945885,1.12611885506132
20,2018,0.85789981950113,1.32489957702671
20,2019,1.02015475979773,1.06026538057691
20,2020,1.1094241813605,0.926382908721971
20,2021,1.21896028025248,0.7112095839239
20,2022,1.31407058174184,0.63731873716136
20,2023,1.30074435938581,0.786145115104488
20,2024,1.22508144401448,0.954633369278729
20,2025,1.2335271995862,0.949148102970225
20,2026,1.27731811882114,0.71832271227663
21,2007,0.361960215033225,3.42843904594021
21,2008,0.248307982248935,3.61197577086474
21,2009,0.19374107300136,4.11843012402369
21,2010,0.180932885948772,3.13250287605587
21,2011,0.162294692295775,2.35388757986763
21,2012,0.160554391818041,1.99963875065182
21,2013,0.177927684148197,1.60937494323485
21,2014,0.203840121566355,1.47230881719687
21,2015,0.234979827370682,1.13234713899618
21,2016,0.279475278182787,1.02764482300466
21,2017,0.35692183291842,1.15963529750128
21,2018,0.471007018504488,1.41707399274824
21,2019,0.575543896957233,1.17662961678259
21,2020,0.641419575833593,0.926689340920359
21,2021,0.698210673984418,0.834595744433792
21,2022,0.724681280946044,0.630462863639648
21,2023,0.685760097456827,0.82492837569103
21,2024,0.651448587915948,0.91945559223417
21,2025,0.634040277344471,1.24097495702208
21,2026,0.644806794812207,0.793745275972451
22,2007,0.455543141250368,3.32315659679798
22,2008,0.308822700146423,3.44912580413803
22,2009,0.225600792901354,4.02655381096868
22,2010,0.20285481762122,3.20518146467515
22,2011,0.178559310856326,2.33864870794089
22,2012,0.169323051867371,1.97040926386862
22,2013,0.183573484828211,1.69167338347178
22,2014,0.218537701044841,1.52715339856927
22,2015,0.261709535843041,1.24641623067327
22,2016,0.311541847146664,1.12020550108914
22,2017,0.387406765275967,1.31919104479081
22,2018,0.494710327215173,1.39894655604282
22,2019,0.588470721142634,1.21779435185152
22,2020,0.652352755083706,0.889913533086379
22,2021,0.718790261535109,0.854864722784695
22,2022,0.775901906174614,0.671326293793768
22,2023,0.765165098577442,0.867940012188145
22,2024,0.721843925741004,1.03636778127288
22,2025,0.671190852579223,1.17904914071762
22,2026,0.640078363044833,0.988868965967754
23,2007,0.786790210259159,3.6073644542851
23,2008,0.532434101421544,3.53006607980717
23,2009,0.395231020950216,3.66532154920536
23,2010,0.354882013866976,2.70855733780017
23,2011,0.313529167096933,2.30769262897934
23,2012,0.307286024782498,1.85708057682446
23,2013,0.333013530853877,1.48193648792664
23,2014,0.393513385420545,1.37703136039414
23,2015,0.451244452654354,1.1522771154493
23,2016,0.547341532180262,1.07641467415075
23,2017,0.713437916423763,1.09022573575517
23,2018,0.916238217740233,1.29254426181623
23,2019,1.07583638565052,1.12022797711657
23,2020,1.1695719734542,0.976404674874102
23,2021,1.2708260736662,0.769504862535485
23,2022,1.30899666634714,0.608606425880432
23,2023,1.24118811832308,0.834163261557569
23,2024,1.13275080461454,1.03456699256072
23,2025,1.0827172130119,1.14730071914456
23,2026,1.00709599463851,0.924715797800195
24,2007,0.399213466746312,3.51070115209284
24,2008,0.281974341988256,3.4489349039894
24,2009,0.21636862699759,3.76301324151478
24,2010,0.186975512530114,3.10423538226891
24,2011,0.168123919297507,2.30148175657822
24,2012,0.170337649831019,1.95862057081912
24,2013,0.183185924793405,1.55166188830094
24,2014,0.209731865072958,1.42962617550707
24,2015,0.242829296015972,1.12653806192829
24,2016,0.300717408161191,1.03949061491573
24,2017,0.389995311188055,1.09986324095272
24,2018,0.519661891697525,1.42583935001071
24,2019,0.65646578750889,1.10986223370318
24,2020,0.744466836456144,0.924702735312187
24,2021,0.83088095401044,0.714166250728809
24,2022,0.884293986072656,0.544472333707433
24,2023,0.860755795732583,0.685590936048924
24,2024,0.784488958257614,0.813058542875115
24,2025,0.707292996261575,0.896298476353003
24,2026,0.63911585440807,0.898786945756027
25,2007,0.434504738120003,3.45506428697663
25,2008,0.293846509579444,3.84620988362944
25,2009,0.227073169681604,4.16330812330542
25,2010,0.209014445206758,3.06320211120954
25,2011,0.195667628295961,2.45569800408833
25,2012,0.198079932490939,1.8763954363717
25,2013,0.213741548387783,1.73270276616031
25,2014,0.251074646695574,1.50056797763483
25,2015,0.303464068823988,1.09036136211105
25,2016,0.36610926610995,1.00102993435655
25,2017,0.45991307600569,1.1012861043715
25,2018,0.586926906803002,1.21552569625686
25,2019,0.704091445196881,1.05678756080593
25,2020,0.780741936129276,0.810559262326191
25,2021,0.857515258298896,0.684425225515063
25,2022,0.915872758994729,0.606221145107429
25,2023,0.924728004787632,0.793784482988977
25,2024,0.942675294737986,0.845598733349101
25,2025,1.12948894354246,0.83337004803888
25,2026,1.21468317011974,0.602539978583461
26,2007,0.381765699559048,3.4801485057313
26,2008,0.260631754783863,3.741392082475
26,2009,0.193184972651269,4.10274419398907
26,2010,0.174676627163711,3.00992839838078
26,2011,0.160960564220889,2.43485101084182
26,2012,0.16334342605814,2.03921689913362
26,2013,0.178239765194091,1.66821365088264
26,2014,0.205848241978079,1.54374078018061
26,2015,0.237793251093615,1.21632560547869
26,2016,0.27764749176436,1.05052180111573
26,2017,0.331748972782576,1.20856707737826
26,2018,0.421630563777887,1.46703705029349
26,2019,0.499845374257507,1.21327415273935
26,2020,0.554367547780204,0.960964589297706
26,2021,0.613831795875747,0.963056360041252
26,2022,0.652041511301702,0.700770911893942
26,2023,0.626339961400401,0.9868151760716
26,2024,0.581424662418168,1.13555346012273
26,2025,0.587702116986299,1.19693017214718
26,2026,0.5935875626298,1.1705346029532
27,2007,0.577375012734271,3.69804977797345
27,2008,0.381618419862046,4.02172326365497
27,2009,0.295637570940172,4.21853549267122
27,2010,0.272934184857955,3.11295917489047
27,2011,0.256958606816964,2.48212275113195
27,2012,0.261593565096012,2.02243271004161
27,2013,0.276784522213314,1.76108471727822
27,2014,0.310439381389678,1.50200724378336
27,2015,0.352976592353363,1.14799612431345
27,2016,0.416924779531012,1.15647046274659
27,2017,0.554258751528904,1.15208030147163
27,2018,0.731825110527145,1.74133827228219
27,2019,0.882187586411125,1.24764000454344
27,2020,1.00834703783455,0.996335940287562
27,2021,1.11012312853673,0.866027086126272
27,2022,1.17636664829557,0.697214470908185
27,2023,1.15233288681653,0.826529625660903
27,2024,1.12269920987407,0.873814712738483
27,2025,1.37822778178174,0.918546339459659
27,2026,1.64683389638321,0.589551631935156
28,2007,0.465909291706725,3.71395410771317
28,2008,0.324584406906558,3.81982501493763
28,2009,0.254712541974886,3.88350365194774
28,2010,0.237454654688458,2.84819936844768
28,2011,0.218284459982579,2.25835581435705
28,2012,0.215670580505066,1.8251874074774
28,2013,0.225895731470677,1.42160265415184
28,2014,0.25805155376614,1.4117928109308
28,2015,0.302127556533161,1.1369956793143
28,2016,0.359566150980663,1.04496339024712
28,2017,0.447254804819643,1.12433935580107
28,2018,0.591172626647827,1.15385619983507
28,2019,0.732771072194514,1.11637443996454
28,2020,0.826044815533015,0.963332988910794
28,2021,0.894979505849815,0.792312491941113
28,2022,0.922001810212978,0.707211807421941
28,2023,0.896306733586519,0.870068743678955
28,2024,0.850051407168993,0.902046940315305
28,2025,0.823264705362642,1.10688614195342
28,2026,0.795713604149746,0.773539521397713
29,2007,0.541494896715937,3.65663525685928
29,2008,0.362450627380654,3.71701371752782
29,2009,0.292610287021996,3.92292248921281
29,2010,0.27024617570412,2.99017438115102
29,2011,0.244233174834205,2.33971261175227
29,2012,0.246480690602006,1.88558246994354
29,2013,0.264964435448125,1.59291421304564
29,2014,0.301667603522578,1.40986534385271
29,2015,0.34972878099562,1.11103021805014
29,2016,0.39880658007553,1.15898224212359
29,2017,0.503018114945808,1.1835841696696
29,2018,0.677801957731689,1.42679266660973
29,2019,0.813147138304019,1.2347833307849
29,2020,0.884764220424835,0.972653688491232
29,2021,0.932675250706709,0.833267961111049
29,2022,0.962685920541481,0.773535731938071
29,2023,0.920765137573928,0.941696173643654
29,2024,0.871341687147682,1.04606102909782
29,2025,0.86997002999503,1.32458401083217
29,2026,0.867602083667645,0.79977233683895
30,2007,0.672441764702071,3.42593726729007
30,2008,0.456671139537959,3.50984779058075
30,2009,0.366595692704977,4.04422180248139
30,2010,0.341263819247727,2.92068662486208
30,2011,0.295087552549251,2.32057601958171
30,2012,0.282436859914778,1.77900162222131
30,2013,0.301421473669448,1.5166784258371
30,2014,0.350652275733651,1.27902700554832
30,2015,0.40527186508062,1.11081311477236
30,2016,0.480703453968743,1.09585493446981
30,2017,0.618896883992825,1.23467875336301
30,2018,0.79511099034401,1.43279022453928
30,2019,0.942351790247362,1.11904816116028
30,2020,1.00743835574152,0.979080218116558
30,2021,1.07314040153706,0.808977647686488
30,2022,1.12329918783277,0.72001802160314
30,2023,1.07671133059219,0.911774245111075
30,2024,1.02528156794655,1.22842755830814
30,2025,1.05237032325483,1.40850025161842
30,2026,1.05591457514519,1.19266119334977
31,2007,0.458117469078886,3.55041064349113
31,2008,0.30531019861536,3.80699931043959
31,2009,0.231251827849882,4.12395673442033
31,2010,0.20945281995357,3.21829325272725
31,2011,0.193779843996482,2.43032080303855
31,2012,0.189586973522088,2.23887201589694
31,2013,0.202216526362249,1.68897237186492
31,2014,0.242822060454923,1.63406301344534
31,2015,0.286886386141427,1.20903189007188
31,2016,0.331885943996051,1.18988226241519
31,2017,0.409826311973336,1.39821556157272
31,2018,0.559126461806411,1.59934356586859
31,2019,0.698395071065236,1.33481033632811
31,2020,0.773826247708779,1.03903693839757
31,2021,0.864618220856644,0.812136391908642
31,2022,0.926974433809009,0.70108491939279
31,2023,0.903900584298053,0.832584131639369
31,2024,0.86142197348878,0.876489464866717
31,2025,0.840909562918724,1.03254955834507
31,2026,0.897291261992622,0.771137900614339
32,2007,0.634524299463542,3.26179558676792
32,2008,0.431329015674977,3.37054090722215
32,2009,0.322396589194302,4.32739695594913
32,2010,0.285644146973668,3.2703742349782
32,2011,0.245487397202908,2.61846926175362
32,2012,0.243075862268142,2.0188057666231
32,2013,0.263581129378127,1.63209422295654
32,2014,0.311764897004354,1.5506823357946
32,2015,0.362538898636111,1.24088511210866
32,2016,0.4522404170367,1.10088201662524
32,2017,0.58465823351456,1.37487654833195
32,2018,0.74480148157775,1.58114472700868
32,2019,0.896767893372611,1.09513826222872
32,2020,1.00911726269124,0.953254080464721
32,2021,1.11702623085754,0.811859258679704
32,2022,1.16026960094151,0.746334026427201
32,2023,1.12252980122887,0.944369067950644
32,2024,1.06764572096952,1.05028246316285
32,2025,1.04340221370243,1.29466761196789
32,2026,0.999703973256511,1.03132497271463
33,2007,0.626978734815564,3.56910117527832
33,2008,0.429965093457566,3.83852645828665
33,2009,0.333292238581133,3.71427264452162
33,2010,0.30768510861163,2.86467161193072
33,2011,0.276160334325307,2.5010533763341
33,2012,0.273187114005542,1.86762635786396
33,2013,0.291469179385792,1.56644108154575
33,2014,0.331109117365712,1.45259369545574
33,2015,0.380399422993684,1.12010715295102
33,2016,0.450289897980028,1.06443964163984
33,2017,0.578514523695324,1.14144592328399
33,2018,0.730146960233178,1.65491039915048
33,2019,0.875186838640706,1.25873296591607
33,2020,0.982928280058636,1.01313908116291
33,2021,1.08719076573922,0.852357738266227
33,2022,1.15198249183579,0.707772259259843
33,2023,1.11791464230018,0.880743075434383
33,2024,1.08119933084545,0.90281546831064
33,2025,1.09699051431132,1.17021240477962
33,2026,1.10783232981148,0.752847183496392
34,2007,0.70451645934685,3.6548587402194
34,2008,0.488916324064274,3.64555184322324
34,2009,0.380118955505449,3.94508312392553
34,2010,0.34638988016265,2.87615026454366
34,2011,0.311486338669457,2.24744946595162
34,2012,0.306394331190298,1.89303258383589
34,2013,0.337101644471579,1.39989935087479
34,2014,0.385449837455875,1.42532246367004
34,2015,0.43591804137266,1.1488267445526
34,2016,0.522221397220576,1.02742395610276
34,2017,0.657637344360841,1.16628854528424
34,2018,0.858413328080749,1.48672738891516
34,2019,1.03056020641939,1.18732849015376
34,2020,1.13019673900516,0.957111549716881
34,2021,1.26580378572243,0.792459748418326
34,2022,1.35362797570408,0.708062402638562
34,2023,1.31716776890647,0.834785587886477
34,2024,1.25165047329991,0.921264258216829
34,2025,1.24521479691987,1.12035763211144
34,2026,1.2171749152344,0.783745704676768
35,2007,0.448933050000674,3.51100318521626
35,2008,0.311919935641787,3.65122858404647
35,2009,0.252698186858233,3.62229079881259
35,2010,0.220209229690277,2.94847069766598
35,2011,0.195936348648806,2.16976256992148
35,2012,0.194162895454556,1.83782957585605
35,2013,0.205832670912458,1.48756240738203
35,2014,0.231841218503415,1.46972900540175
35,2015,0.265208085384718,1.12616862704423
35,2016,0.312425017126797,1.02959579163608
35,2017,0.401068707078308,1.1784948482911
35,2018,0.557742212707825,1.36493206688612
35,2019,0.688579729757474,1.12317330982032
35,2020,0.758496358564022,1.02684979196238
35,2021,0.833636361231759,0.783509831458606
35,2022,0.872838745619426,0.643855533863515
35,2023,0.843474743973439,0.849499395503708
35,2024,0.769439370887632,1.03714226128766
35,2025,0.763019419942255,1.02247067753265
35,2026,0.743736895119263,0.854786268404449
36,2007,0.490626192308266,3.74850244340545
36,2008,0.332947087623867,3.45316964505961
36,2009,0.260767809222151,3.7309567135335
36,2010,0.252292429122269,2.9240949401817
36,2011,0.237888812391693,2.22110600592345
36,2012,0.23177140506402,1.6128813765031
36,2013,0.24094751605553,1.48307376369276
36,2014,0.275023553083962,1.40276341065016
36,2015,0.323240765805611,0.986653242752828
36,2016,0.390560222358165,0.967942913519674
36,2017,0.495948283395822,1.04200668055352
36,2018,0.633608598900572,1.28661643293779
36,2019,0.747737145451484,1.16010163298261
36,2020,0.841524513325078,0.824898273864149
36,2021,0.940648626354302,0.708323571299573
36,2022,0.998834601931566,0.558256912610239
36,2023,1.00130980724838,0.740081141581884
36,2024,1.02328558061016,0.772459675874473
36,2025,1.00892592608382,0.77352833369623
36,2026,0.940358209368799,0.665548523458467
37,2007,0.472787625512473,3.63233694569147
37,2008,0.31575452974081,3.89109123734431
37,2009,0.242682329667848,4.2832345027637
37,2010,0.218863732106872,3.1330965756004
37,2011,0.202344075724411,2.53553852184811
37,2012,0.205325811270933,1.9705748328852
37,2013,0.225610298971579,1.61355624078273
37,2014,0.26426428627267,1.62864081436735
37,2015,0.316258045392954,1.18302710320902
37,2016,0.379126928288514,1.11327753779007
37,2017,0.456937061357793,1.39917178718483
37,2018,0.561035868772149,1.46888310125172
37,2019,0.652176273365298,1.20920232452444
37,2020,0.722221950785213,0.944240252569809
37,2021,0.813025773486902,0.822546039446305
37,2022,0.86082854518449,0.733341176572203
37,2023,0.827664371395317,0.886707345626323
37,2024,0.778800280991592,1.00384788445463
37,2025,0.805530040476687,1.02837281970744
37,2026,0.825134578469182,0.794636699682689
38,2007,0.448502387092918,3.32664087515982
38,2008,0.308764110806325,3.52538827780822
38,2009,0.237562696981117,4.14154223196748
38,2010,0.213381674538618,3.19303573516687
38,2011,0.193011798298338,2.34466043487191
38,2012,0.198232118309582,1.99855276994365
38,2013,0.217586689196776,1.61016522936385
38,2014,0.249018642356689,1.48330518454156
38,2015,0.287117600618386,1.12879421333698
38,2016,0.345637700538437,1.05342033999874
38,2017,0.433734195559314,1.14036343951952
38,2018,0.551788450376451,1.37949045229639
38,2019,0.637331677502009,1.06196072095296
38,2020,0.684385829038083,0.917422338067774
38,2021,0.76243180136426,0.778250570401867
38,2022,0.804219368975219,0.721305969885209
38,2023,0.768054742463796,0.936746477478936
38,2024,0.721942124093821,1.03529574050562
38,2025,0.755318412012413,1.17279337726421
38,2026,0.796777130722065,0.875343719004916
39,2007,0.644664561552066,3.65435465101167
39,2008,0.436713375975019,3.70266693551011
39,2009,0.346579151828712,3.85657144579964
39,2010,0.322605672282646,2.93235008569608
39,2011,0.290205084269237,2.42371077763284
39,2012,0.28683202419441,1.96306971358092
39,2013,0.305012559384145,1.65589869824978
39,2014,0.34216794292472,1.58978351904418
39,2015,0.392296492350025,1.25109731565108
39,2016,0.465447192767982,1.21256038597357
39,2017,0.607132341069944,1.15783354215239
39,2018,0.792102014932349,1.37965176050629
39,2019,0.917799301817204,1.25825228128962
39,2020,1.00260608606439,1.06050560693335
39,2021,1.10068713630155,0.920830456911418
39,2022,1.1552361308304,0.676376150666659
39,2023,1.12925839598248,0.914904501423745
39,2024,1.07814526768538,1.00256924956006
39,2025,1.10410822461403,1.18677136440431
39,2026,1.11291955898256,0.988736690780601
40,2007,0.69237541000311,3.73819286714923
40,2008,0.456159829146273,3.80642865508683
40,2009,0.352829007253632,3.94797009427644
40,2010,0.333389016859987,2.84103414001447
40,2011,0.300916429632879,2.57644227788423
40,2012,0.295092387304307,1.95870352994996
40,2013,0.312823991948238,1.65810546796739
40,2014,0.358501529781785,1.51946493236143
40,2015,0.430992390296824,1.17673638436411
40,2016,0.545037556076531,1.04661318837435
40,2017,0.683255812015444,1.03700666731889
40,2018,0.887542382929173,1.46049372817854
40,2019,1.11417623040707,1.03044524392478
40,2020,1.25408582611815,0.90330154276285
40,2021,1.36261188316763,0.695979127667587
40,2022,1.43285267464646,0.567300327335489
40,2023,1.38349699365776,0.777832170150417
40,2024,1.2659555084834,0.874155361337605
40,2025,1.2474738808274,0.870549441206438
40,2026,1.26743661453249,0.576862285602281
41,2007,0.390536960703616,3.76297504604967
41,2008,0.257535250384083,3.84823957272495
41,2009,0.19719133841623,4.38612393080652
41,2010,0.187275558678873,3.1905009135735
41,2011,0.168567104812105,2.74368794207112
41,2012,0.164808843628142,2.09066587387449
41,2013,0.178681959621361,1.6214529275681
41,2014,0.213292254057996,1.53022512340065
41,2015,0.247801284874241,1.24523081982088
41,2016,0.300685059899158,1.04814019849228
41,2017,0.400537893939936,1.1100807323967
41,2018,0.523476531983366,1.33648674994214
41,2019,0.616224802475527,1.19844196397351
41,2020,0.689125403371549,0.970422372006719
41,2021,0.766677226467687,0.809076545432764
41,2022,0.80173054924352,0.667005829866121
41,2023,0.762402290675151,0.864116913708257
41,2024,0.709460979502287,0.910063613625286
41,2025,0.814683086869572,0.995799209566347
41,2026,0.910908842143709,0.776413705444018
42,2007,0.481802175985963,3.56615708138525
42,2008,0.31735149681037,4.04273384039103
42,2009,0.243018893930127,4.09440116524231
42,2010,0.221709631312251,3.31387145678401
42,2011,0.192962867493336,2.52960129269551
42,2012,0.189099660793223,2.1434346291732
42,2013,0.205246937099971,1.67066741409893
42,2014,0.239013881701057,1.6263409189003
42,2015,0.283819127710457,1.18290394467183
42,2016,0.338460641345324,1.14327000746301
42,2017,0.428794739147404,1.45063503952707
42,2018,0.555291897404362,1.51711303912609
42,2019,0.664292638901498,1.24020903434376
42,2020,0.737427183854844,1.02418765330873
42,2021,0.814191685292448,0.855330645358393
42,2022,0.880157761964179,0.658951841128929
42,2023,0.861744247764741,0.910732064385446
42,2024,0.81511540915865,1.13750977763576
42,2025,0.817067554431125,1.04953578176203
42,2026,0.809036325407906,0.851781710253611
43,2007,0.541214729002433,3.15286014824592
43,2008,0.370369075394069,3.33987981819012
43,2009,0.287896541297525,3.76910545947415
43,2010,0.257997817664498,3.03713780724526
43,2011,0.229487878415773,2.21615932643835
43,2012,0.235185670542303,1.82194169849691
43,2013,0.253722375707993,1.40126981689712
43,2014,0.282794541867584,1.24989127019517
43,2015,0.33036425310952,1.00371145290771
43,2016,0.393323877105589,1.01676058258815
43,2017,0.489454888842705,1.07831291949975
43,2018,0.611578405899299,1.23945974928355
43,2019,0.70791780522278,1.05328954244805
43,2020,0.789160992417209,0.883061444295652
43,2021,0.906136357088493,0.824265197573916
43,2022,0.998119197139971,0.59833396618856
43,2023,0.991464780120328,0.776488723319794
43,2024,0.930948465610034,0.832450231378259
43,2025,0.979227254075376,0.948689489156935
43,2026,1.05846348699843,0.682981605931163
44,2007,0.56448830660306,3.38044999804301
44,2008,0.373413730925258,3.72608724911513
44,2009,0.285619202104164,4.13388887139053
44,2010,0.254859830801055,3.32749978680885
44,2011,0.223660134980322,2.60010165692749
44,2012,0.210827379038606,2.17145412013425
44,2013,0.221753607068923,1.69811593191037
44,2014,0.261659368352162,1.68117018897946
44,2015,0.312686027452457,1.26962690706902
44,2016,0.374156875111143,1.29998670740324
44,2017,0.478394820918474,1.32720858316077
44,2018,0.618418017523062,1.76838185868191
44,2019,0.758912438611423,1.22942132514797
44,2020,0.844293680076273,1.14383875743597
44,2021,0.922022544924302,0.988922193793901
44,2022,0.977925218682923,0.823612226125521
44,2023,0.961137267074124,0.948042088704669
44,2024,0.910177042901049,1.03812076190087
44,2025,0.903240000500579,1.08836638844631
44,2026,0.863464019075167,0.95266322200951
45,2007,0.452669755212862,3.6281112973917
45,2008,0.294972769568556,4.15923767546925
45,2009,0.2327555089497,3.93979826481275
45,2010,0.22134797317724,3.33954496241261
45,2011,0.209229412654632,2.41496135038226
45,2012,0.207842395395674,1.91958599745924
45,2013,0.220865306741008,1.72128348951119
45,2014,0.257023769764996,1.45584787216651
45,2015,0.289772427965278,1.2560369649969
45,2016,0.336339359138342,1.1142647658119
45,2017,0.426752384073772,1.31851163988206
45,2018,0.546028083401646,1.43325271311086
45,2019,0.654997816323623,1.1335574496369
45,2020,0.709742829613817,1.0346884914476
45,2021,0.742680921415417,0.830382236285337
45,2022,0.760319006184618,0.730877925643116
45,2023,0.732740847307954,0.91157080553355
45,2024,0.694119747466845,1.17311534135616
45,2025,0.755034327704041,1.29652656997041
45,2026,0.833417021465422,1.01176226811009
46,2007,0.434713209961795,3.16886656129209
46,2008,0.28605469717554,3.83828315689135
46,2009,0.200916983164326,4.06548852807263
46,2010,0.178861443454503,3.40500445360303
46,2011,0.164549854010763,2.83758617202541
46,2012,0.167602633435663,2.32349255160501
46,2013,0.184066297502796,1.78626347265751
46,2014,0.213824739733842,1.70253314714866
46,2015,0.249246597962906,1.28248439976673
46,2016,0.306840102380113,1.18670607536806
46,2017,0.39607672691381,1.38573552891854
46,2018,0.525625755278506,1.44802989248
46,2019,0.647645454443102,1.15898162801599
46,2020,0.720621308048548,0.990638473340447
46,2021,0.763466944133785,0.854752304535333
46,2022,0.807699993995301,0.653455999686071
46,2023,0.807556913284645,0.801241649998787
46,2024,0.779913016310263,0.960351456773614
46,2025,0.81613706475317,0.979276613256495
46,2026,0.876797422107799,0.686135016261031
47,2007,0.516998544881964,3.18382542528462
47,2008,0.339768005941942,3.47092823947669
47,2009,0.254187492350121,3.77349106796014
47,2010,0.232151862711543,3.04711619166881
47,2011,0.210805799626016,2.29971738614042
47,2012,0.21285328185277,2.16634381750025
47,2013,0.228798182302566,1.38800575862537
47,2014,0.256862214922247,1.35699748004995
47,2015,0.30015771182722,1.09443694109751
47,2016,0.357845258348098,1.15435538727819
47,2017,0.454480054221149,1.25961195955018
47,2018,0.575884876333532,1.3751579453318
47,2019,0.674868176755534,1.23674102028743
47,2020,0.724153620045381,0.960400010628562
47,2021,0.752689740535998,0.856694574420594
47,2022,0.780576077159315,0.682340817868413
47,2023,0.737260688911465,0.991197787745249
47,2024,0.665207614565184,1.11510088680782
47,2025,0.637151538482654,1.43301036458996
47,2026,0.617046695192621,1.35160137652394
48,2007,0.75715588905017,3.30886579977676
48,2008,0.500025512669841,3.70773804303138
48,2009,0.372119920334096,4.17538824631127
48,2010,0.351046040205479,2.78262152443629
48,2011,0.322660602256648,2.37190523263862
48,2012,0.32718236000078,2.05234987716148
48,2013,0.353725907639157,1.57289791027713
48,2014,0.401897147019768,1.41095697190324
48,2015,0.46141426477671,1.1706318246338
48,2016,0.53174833970597,1.19126332964829
48,2017,0.66290005629381,1.25679308059137
48,2018,0.895897106365432,1.53606575386934
48,2019,1.08900520085109,1.32773856419878
48,2020,1.17958762399054,1.06169492236255
48,2021,1.28174823599593,0.872987246532381
48,2022,1.41182966497094,0.708554124649825
48,2023,1.40675409561319,0.846188310503461
48,2024,1.28139354765912,0.955723383956917
48,2025,1.21025468281944,1.06808956975645
48,2026,1.188649807286,0.867059888107478
49,2007,0.548611357981456,3.20999222215354
49,2008,0.38042042811382,3.40481821753232
49,2009,0.301937203431186,3.81948828285597
49,2010,0.280892587847241,2.65499897150839
49,2011,0.24879976942881,1.99065043754097
49,2012,0.249792800291211,1.59165638231091
49,2013,0.269547650938488,1.39445197891035
49,2014,0.309076448980395,1.16269246049266
49,2015,0.351142176459234,1.00950750163435
49,2016,0.411249923245765,0.99859149015963
49,2017,0.524495104034673,1.0337229862373
49,2018,0.694351857863791,1.30066610438343
49,2019,0.843902893333502,1.02055575638496
49,2020,0.930540429136231,0.770697521959238
49,2021,1.02457428208716,0.733707869252626
49,2022,1.10474683442033,0.541531048338723
49,2023,1.07871649879646,0.811578458954643
49,2024,1.01000346385617,0.850843395942277
49,2025,1.00514701410603,0.919830862011844
49,2026,1.02136162159002,0.751603104861084
50,2007,0.406919056309341,3.31063300452499
50,2008,0.276188843451758,3.54179596552701
50,2009,0.216991978711316,3.70939609484522
50,2010,0.19101538432733,3.25541276796591
50,2011,0.163577182303664,2.38641901127124
50,2012,0.161015565711785,1.96133757216643
50,2013,0.174849933619141,1.61394109327582
50,2014,0.203759105060802,1.58640421028314
50,2015,0.241935266813608,1.32361401425246
50,2016,0.297431888674413,1.12512667857456
50,2017,0.38459004480196,1.36624095813575
50,2018,0.512597150391703,1.505228989284
50,2019,0.61696576573203,1.24575929060205
50,2020,0.665776907652493,1.00944478747451
50,2021,0.710498122670892,0.85974300808223
50,2022,0.743528817016436,0.737809845175297
50,2023,0.729683917108474,0.883033455558788
50,2024,0.653200528706431,1.07389192711356
50,2025,0.60564854596955,1.15073011867276
50,2026,0.608661868365205,1.04607410279346
51,2007,0.517153296068451,3.23883776015683
51,2008,0.345392027258186,3.8684936244743
51,2009,0.270169704413842,3.82063968556278
51,2010,0.242917070022588,2.92084955426715
51,2011,0.223837727744295,2.415293018599
51,2012,0.222616383363347,1.92614465305377
51,2013,0.236138608708324,1.44669620733823
51,2014,0.271449340231153,1.42594406847463
51,2015,0.324765186133578,1.04100092127617
51,2016,0.389163344401767,1.04201060372684
51,2017,0.494169815445149,1.1688509157138
51,2018,0.654734964799606,1.22562403917664
51,2019,0.781042792159802,1.10749633932551
51,2020,0.857031231024923,0.881061337322826
51,2021,0.920356549285757,0.785287423257494
51,2022,0.9432289986017,0.629605686438164
51,2023,0.920317688328181,0.755988804825974
51,2024,0.880214568001471,0.89499024657395
51,2025,0.829005541156183,1.01218013781606
51,2026,0.751627823057733,0.785114379669537
52,2007,0.486848743321786,3.19015590206723
52,2008,0.332208990475435,3.39280897836138
52,2009,0.243170000305246,3.99629460965694
52,2010,0.211536507312565,3.08266324004284
52,2011,0.193789758403882,2.52257270123017
52,2012,0.198663384782462,1.91835621651454
52,2013,0.2129159084361,1.49477264107003
52,2014,0.24507359961485,1.38663005998974
52,2015,0.290042591424607,1.08674155705188
52,2016,0.3474184656088,1.08159456004889
52,2017,0.439406875548267,1.20468403431074
52,2018,0.547914612108154,1.4040937101808
52,2019,0.648328831711646,1.20073870777112
52,2020,0.716035402825699,0.879408740794171
52,2021,0.793529153340076,0.753449238324063
52,2022,0.867894458169049,0.626091234018411
52,2023,0.863825804434923,0.776001125004908
52,2024,0.810084542734967,0.944156159363001
52,2025,0.737244178083647,1.01142918461811
52,2026,0.679752387838654,0.926523178315292
53,2007,0.799191440178559,3.02505131814146
53,2008,0.543261344939985,3.70360053335013
53,2009,0.40411856754077,3.8428236472104
53,2010,0.368396768442783,2.97687217098329
53,2011,0.330675990207098,2.45570673352961
53,2012,0.328509381791605,1.73297243395243
53,2013,0.347813988495603,1.58355631927642
53,2014,0.40566285226245,1.2978086220542
53,2015,0.470656913995285,1.14886965000265
53,2016,0.545002594063074,1.0595385781781
53,2017,0.667099569276571,1.14353283932605
53,2018,0.894421632893558,1.38451450812394
53,2019,1.10604102391315,1.22288337328925
53,2020,1.24598423111384,0.966413780200159
53,2021,1.37037353670117,0.776310721080246
53,2022,1.42533917688996,0.722834988273407
53,2023,1.38789079623069,0.826693715080235
53,2024,1.27026323663638,0.909561491539576
53,2025,1.26678283375618,1.10546449905877
53,2026,1.2797699120533,0.774311144409027
54,2007,0.583952496140731,3.75591671008467
54,2008,0.388678295393543,3.83574189231536
54,2009,0.280148855382733,4.12633659513001
54,2010,0.251310933301606,3.32114492017286
54,2011,0.246969502556524,2.40179224745894
54,2012,0.252796575965466,2.00294787375189
54,2013,0.270970779671282,1.6899987578186
54,2014,0.309725643410637,1.51519959483407
54,2015,0.361458916917451,1.15394555636672
54,2016,0.428959937802359,1.11075278496363
54,2017,0.5462766614714,1.24901812672259
54,2018,0.716472138187867,1.38687897076067
54,2019,0.85629816769156,1.23126794647937
54,2020,0.947983995562374,0.811337552158497
54,2021,1.06138172362078,0.7674958291717
54,2022,1.12302561016958,0.639716395198343
54,2023,1.07813831728739,0.819994731474001
54,2024,1.01080025827083,0.926612537096081
54,2025,1.02543201903268,1.0088126912092
54,2026,1.00074250490112,0.908476185802787
55,2007,0.630044756017088,3.6737984038537
55,2008,0.421706997860705,4.15136392618771
55,2009,0.342122435647205,3.98905968426009
55,2010,0.320385263544902,3.21167870311552
55,2011,0.294781101257284,2.28355300331874
55,2012,0.298774427769677,2.1428256032647
55,2013,0.321674260273341,1.68389596375938
55,2014,0.366920974979548,1.38118777083403
55,2015,0.425890744344344,1.13558319624987
55,2016,0.498246671495522,1.09215959743574
55,2017,0.631998391683628,1.18814751177382
55,2018,0.835011714490154,1.70178832785269
55,2019,1.02826235184777,1.2098891771661
55,2020,1.15894904288331,0.959774150556116
55,2021,1.26769166319394,0.770613633667455
55,2022,1.30382202177672,0.669246474514718
55,2023,1.26965628462805,0.899082134188445
55,2024,1.29514326539491,0.887790343731582
55,2025,1.33415738796531,1.0075281240204
55,2026,1.31399118062579,0.826520409066457
56,2007,0.324343946209961,3.67315426591341
56,2008,0.21366368935671,4.39046939122625
56,2009,0.173443289255181,4.21271572013399
56,2010,0.164409231048986,3.19350173441961
56,2011,0.147099589042142,2.68841391479058
56,2012,0.143451182220046,2.45477520157819
56,2013,0.159819736238351,1.68688552069628
56,2014,0.184724750604436,1.62287535012705
56,2015,0.214010558543451,1.19633699182698
56,2016,0.249430830177774,1.24129276128014
56,2017,0.312391935513636,1.35299955334858
56,2018,0.410810028442307,1.80298532880711
56,2019,0.50292940207192,1.31436389005194
56,2020,0.566131093556803,0.982466867813102
56,2021,0.605775632835777,0.940629692094131
56,2022,0.618523800105568,0.740691782160035
56,2023,0.591922121973699,0.912945448551754
56,2024,0.566474097905809,1.14189096303583
56,2025,0.548959619498995,1.43792544041732
56,2026,0.514729717887136,1.05374115006912
57,2007,0.495535693462738,3.85563163923397
57,2008,0.332300105278822,4.08907457725674
57,2009,0.275575629299381,4.41471723920046
57,2010,0.27323894199975,3.14866040741427
57,2011,0.255952270792116,2.46904444934399
57,2012,0.249413157460375,2.07968651659068
57,2013,0.262915689222696,1.79100965988414
57,2014,0.299222363105558,1.57449520894418
57,2015,0.34318307967562,1.11760201488911
57,2016,0.409078263376406,1.10066248497435
57,2017,0.525604179615872,1.13156571800667
57,2018,0.688803656727546,1.40215846962014
57,2019,0.839359744670646,1.30418352574806
57,2020,0.935484409721643,0.834299475091197
57,2021,1.02057714220284,0.810460061050046
57,2022,1.09747867979725,0.620544266942507
57,2023,1.06219966684527,0.82526213612186
57,2024,0.977054272383712,0.942018795394491
57,2025,0.931318094761773,1.07077445674876
57,2026,0.926745530239186,0.864496819414648
58,2007,0.547825223200201,3.48388425448314
58,2008,0.367981243124072,3.53066767782624
58,2009,0.290133710836494,4.0335078662464
58,2010,0.274571701131947,2.99039835265005
58,2011,0.260654291609947,2.29347265086109
58,2012,0.256384266064761,1.93194646650502
58,2013,0.265400673333363,1.57265683796521
58,2014,0.298644087279697,1.42766737349497
58,2015,0.351628950710724,1.17498864085342
58,2016,0.415445060358232,1.05230035242717
58,2017,0.515375215609739,1.15884960181336
58,2018,0.657376211428425,1.30210921329019
58,2019,0.77137058761424,1.26252285316398
58,2020,0.845588442006056,0.927031305493581
58,2021,0.945449877022015,0.866410830335401
58,2022,1.00781349078181,0.657608552777422
58,2023,0.964355750915385,0.957145428604046
58,2024,0.939194773763614,0.966107675964109
58,2025,1.03178748204684,1.15854793714282
58,2026,1.14575218358548,0.784520716643249
59,2007,0.506673770839738,3.20121699653925
59,2008,0.320077945685522,3.83899531970299
59,2009,0.235612206002606,3.90890712164817
59,2010,0.226791429460536,3.2663427310986
59,2011,0.213453675236411,2.69941950738897
59,2012,0.215948805977373,2.04665085375417
59,2013,0.235462042304064,1.63243672761022
59,2014,0.272446556806726,1.47547542703027
59,2015,0.310652492107356,1.13622710420592
59,2016,0.368387752702377,1.0018794491631
59,2017,0.464009850738624,1.1254359765738
59,2018,0.596737130535292,1.41694849874146
59,2019,0.715953699705049,1.22726146286437
59,2020,0.786478348875053,0.994319809911812
59,2021,0.880980922908773,0.801344917675746
59,2022,0.956070816663934,0.667377246391833
59,2023,0.920039573497555,0.909018400031288
59,2024,0.874893930128563,0.825191665302149
59,2025,0.898645268697157,0.99608025690901
59,2026,0.951831373674722,0.737507187858992
60,2007,0.504890250699884,3.73895291489098
60,2008,0.331944766578077,3.7899464057091
60,2009,0.251646504040581,4.02924546269326
60,2010,0.238400972816561,3.0459429049863
60,2011,0.217736914550523,2.54712648212681
60,2012,0.215437571550607,1.81569666411522
60,2013,0.230215998107904,1.82495302101738
60,2014,0.271120852495717,1.49346032488882
60,2015,0.314829818589273,1.18127954561314
60,2016,0.38015089295443,1.07509777865837
60,2017,0.475911093214622,1.26624166342219
60,2018,0.612564708345214,1.57441516818237
60,2019,0.740986160757822,1.27087647931647
60,2020,0.831376937532513,0.960098085946935
60,2021,0.946223972595492,0.79107023438104
60,2022,1.02713138943521,0.620841490477943
60,2023,1.03372341134417,0.794337194391482
60,2024,1.00260363416309,0.84240712629302
60,2025,1.08124888643448,0.952410484248824
60,2026,1.14600942444642,0.76567223272205
61,2007,0.599716072887274,3.71323914714434
61,2008,0.412254434396196,4.02471281360023
61,2009,0.315938928026085,4.53466335581564
61,2010,0.288399046059829,3.49510716555821
61,2011,0.26426325395215,2.93033952309168
61,2012,0.263771792995923,2.30968326648958
61,2013,0.291203264457128,1.78418918305386
61,2014,0.341451533547902,1.71677477965048
61,2015,0.40256976261171,1.23586993260472
61,2016,0.47781026680006,1.2116734606731
61,2017,0.588107114638147,1.24882039655994
61,2018,0.742102430220224,1.6796229423818
61,2019,0.866190901142448,1.36223867835891
61,2020,0.933508404253378,0.974709948688204
61,2021,0.996017901465331,0.877218871861659
61,2022,1.04104078421268,0.774003217725143
61,2023,1.0110688932498,0.991640563163165
61,2024,0.922470407997515,1.06962875761116
61,2025,0.856141247324293,1.3321475946626
61,2026,0.783175556900248,1.25830806963564
62,2007,0.429884563769319,3.63760107813302
62,2008,0.294692416873242,4.07304858594034
62,2009,0.23526817816559,4.12742685683888
62,2010,0.210267936432973,3.29021072600553
62,2011,0.185453447132568,2.56964333594742
62,2012,0.188463654355945,2.11185101706728
62,2013,0.20552616030384,1.90965094703518
62,2014,0.235938668109259,1.62496117786332
62,2015,0.267162888597905,1.2678471872241
62,2016,0.309084413538859,1.23054868103962
62,2017,0.402184550384965,1.17991203778167
62,2018,0.519022830246196,1.86657417444286
62,2019,0.606516042648758,1.42767137284085
62,2020,0.675785160263636,0.961269329248882
62,2021,0.734661047613183,0.848111923594368
62,2022,0.761821615577962,0.764659090827151
62,2023,0.724048985715383,0.980797917494798
62,2024,0.70573074243466,1.02592355849422
62,2025,0.691510503154992,1.20676525175346
62,2026,0.662944069179295,0.902821419851911
63,2007,0.551511306880086,3.54320418170797
63,2008,0.36869918265635,3.83283321663306
63,2009,0.283622497822986,4.1801320514032
63,2010,0.248465800107044,3.13084453409982
63,2011,0.234815615858849,2.45350131803703
63,2012,0.239939504762843,2.19630504773651
63,2013,0.250167754410247,1.607378287142
63,2014,0.284151260324952,1.31681205558501
63,2015,0.335747664920198,1.14046094096997
63,2016,0.399639299852352,1.13939588206698
63,2017,0.514652654860942,1.09628472095855
63,2018,0.672264438934165,1.34053166097122
63,2019,0.795033478026989,1.1642655890489
63,2020,0.882310836341546,0.949579144487508
63,2021,0.947015143187233,0.786384264577269
63,2022,0.97016502647643,0.651722513010131
63,2023,0.928132914068733,0.810494994416004
63,2024,0.867478447294922,0.93033195356465
63,2025,0.836721594375169,1.1300862488684
63,2026,0.814261205371206,1.03209038798606
64,2007,0.53759699667226,3.3812586140747
64,2008,0.348374702078059,4.15679829111055
64,2009,0.246380595964528,4.5231980597038
64,2010,0.224183183910697,3.35129685546692
64,2011,0.204943670270736,2.47061379859072
64,2012,0.194831623747556,2.22341032482213
64,2013,0.211235271350778,1.78604583005884
64,2014,0.246101862921308,1.6362820783784
64,2015,0.29311899640573,1.24566222046122
64,2016,0.353541663864313,1.25657952619112
64,2017,0.454759200305192,1.40083416600909
64,2018,0.59780888093398,1.79921416363024
64,2019,0.7071540510381,1.29467716761473
64,2020,0.757220607219241,1.07698129953961
64,2021,0.832310734370045,0.872712150878742
64,2022,0.895682979853148,0.721017510391531
64,2023,0.872211161497232,0.915190486708403
64,2024,0.801253494390185,0.995709434328193
64,2025,0.791787664773177,1.19756904287956
64,2026,0.782793323885993,1.02080882056865
65,2007,0.655583001997667,3.5918476383091
65,2008,0.441531974043137,3.77085285873048
65,2009,0.353587609763203,4.02511221898573
65,2010,0.332773721553413,3.01142430167658
65,2011,0.305602317301217,2.24356018173526
65,2012,0.309694753214263,1.91569872084748
65,2013,0.334335384393655,1.45778187464361
65,2014,0.383589886312092,1.37548979829108
65,2015,0.448011823527129,1.00912332328585
65,2016,0.529860541788052,1.07424691030517
65,2017,0.656963076135555,1.16749077690647
65,2018,0.85029005450146,1.49775045614829
65,2019,1.05237343124086,1.17186640279452
65,2020,1.17618060850565,0.954816166852708
65,2021,1.31166871798185,0.834736848425447
65,2022,1.43093617768779,0.627818511719498
65,2023,1.40795469380991,0.745301764432468
65,2024,1.3443527729455,0.924819733546884
65,2025,1.54294008929959,0.896680552310026
65,2026,1.69877951365958,0.595307936849693
66,2007,0.602911053465459,3.28237246403796
66,2008,0.398375527643252,3.67516758377985
66,2009,0.289108121145675,4.14944210704763
66,2010,0.262416084571348,3.26437579150328
66,2011,0.238681687797343,2.57945575644843
66,2012,0.233519460396782,2.16589969656651
66,2013,0.252115016484515,1.80310460549355
66,2014,0.304548029918779,1.58649318100321
66,2015,0.365587354211121,1.09185654148015
66,2016,0.423026683617357,1.04050050899708
66,2017,0.508668831340941,1.18856836273833
66,2018,0.625231333582168,1.51242487240607
66,2019,0.757960291853721,1.22685704193201
66,2020,0.846061162806144,0.9271587641394
66,2021,0.91215513561332,0.78511122904402
66,2022,0.95700305804676,0.687390684215251
66,2023,0.966150381562039,0.892493597292572
66,2024,0.965712270447706,1.07421792603672
66,2025,0.99418169730794,1.24232584531635
66,2026,1.06823338943027,0.782547631341698
67,2007,0.528582110351031,3.14181483493717
67,2008,0.357125800917085,3.577889722704
67,2009,0.26962563162768,3.89102023575789
67,2010,0.243853725400467,2.90889347254384
67,2011,0.222007907775409,2.4205042242097
67,2012,0.226371654039459,2.04028129901412
67,2013,0.25858582402598,1.41879016341229
67,2014,0.306058137189283,1.2935036576102
67,2015,0.348935757700173,0.967900986001942
67,2016,0.412289199050839,0.97794939585549
67,2017,0.517546579534301,0.995633203894841
67,2018,0.623131846865437,1.33041477885653
67,2019,0.689970867966382,1.10548188447747
67,2020,0.727783349478197,0.917184798145695
67,2021,0.805764821020113,0.741249729040937
67,2022,0.847429260194608,0.712137746402775
67,2023,0.796187673878039,0.941778662541628
67,2024,0.692451403248788,1.17381545721379
67,2025,0.674270790342734,1.40728698233328
67,2026,0.672456007920606,1.08225515935529
68,2007,0.570724954405878,3.07297641262223
68,2008,0.378768793103474,4.06728833511798
68,2009,0.283686933501747,3.9492779425824
68,2010,0.25413112193537,3.15596373915965
68,2011,0.230923792585674,2.44555147672624
68,2012,0.231229526856732,2.12935444246494
68,2013,0.248026927396054,1.69903687870195
68,2014,0.286285674805743,1.39480682903224
68,2015,0.338107633750126,1.15574070858986
68,2016,0.397917649874612,1.08965585749057
68,2017,0.495656699979213,1.26296305388477
68,2018,0.643043099090426,1.525831324223
68,2019,0.779150301515438,1.17102108648216
68,2020,0.87624790912978,0.979965096521758
68,2021,0.988083707046021,0.801774922801424
68,2022,1.08806480847172,0.643435271404615
68,2023,1.10685397786514,0.738320200237679
68,2024,1.11424855087201,0.898186751358959
68,2025,1.22833988838601,0.79301639589676
68,2026,1.2814012700861,0.561444114436639
69,2007,0.457223053868882,3.12396577471588
69,2008,0.309171382737094,3.59143132384917
69,2009,0.240256173495695,4.12883213192636
69,2010,0.217681382967779,3.11036579220579
69,2011,0.197498243358586,2.19957382412034
69,2012,0.193525459298603,1.74477232242886
69,2013,0.209396644331706,1.44804159635823
69,2014,0.239236168046521,1.52724684730446
69,2015,0.274690709533497,1.10968862869343
69,2016,0.340285289788162,1.09018145445044
69,2017,0.438140971486608,1.26410759981554
69,2018,0.574488765911867,1.48608990268063
69,2019,0.70582756047242,1.13811802285605
69,2020,0.775222845628161,0.891502349139592
69,2021,0.835507910965246,0.792783889315571
69,2022,0.904525370141647,0.609021796840288
69,2023,0.920961423718119,0.845557103691282
69,2024,0.945986471834819,0.826522998100339
69,2025,0.994273380164635,0.858637240230087
69,2026,0.994646218342267,0.650623666506889
70,2007,0.603101163481701,3.46246530378672
70,2008,0.398274978904095,3.89826821157465
70,2009,0.325335069291431,4.0092790116887
70,2010,0.306395440666622,3.1219565814144
70,2011,0.275825358194068,2.35857315058091
70,2012,0.281401483650783,2.01656478431751
70,2013,0.316168931294979,1.60741658041149
70,2014,0.364809499832891,1.50022130164934
70,2015,0.41792842139801,1.01641073986048
70,2016,0.499950696230312,0.968566781201594
70,2017,0.630695567111157,1.10554271478747
70,2018,0.78144118845646,1.36511546606026
70,2019,0.898684680140703,1.17491540684666
70,2020,0.969352253182275,0.846328454126916
70,2021,1.05720895286647,0.759645536959032
70,2022,1.10818468755808,0.682473036893239
70,2023,1.06319172534397,0.863767316571051
70,2024,0.995297380268195,0.964273436909274
70,2025,0.978143158949245,1.12610327718105
70,2026,0.99569355569188,0.879171009748835
71,2007,0.519030634860932,3.31487215408722
71,2008,0.349704417435758,3.54631321815048
71,2009,0.252040398844414,3.98713581559737
71,2010,0.234269596108291,3.25934177365965
71,2011,0.227116890684241,2.45499532772661
71,2012,0.236948304205643,1.98799614422287
71,2013,0.25858708746046,1.54992855131988
71,2014,0.298198679054068,1.46887241861928
71,2015,0.34418625030372,1.03757373976738
71,2016,0.40430852344147,1.01717185209822
71,2017,0.510084062782203,1.22716818104755
71,2018,0.643484579575128,1.54193511062145
71,2019,0.759337637854598,1.2012695781976
71,2020,0.83602010268713,0.876723533105614
71,2021,0.906467422755618,0.81377926704126
71,2022,0.970065045804059,0.629078009724137
71,2023,0.968675190354716,0.803941783993616
71,2024,0.9375634823945,0.998818927455283
71,2025,0.976169313698768,1.08802810221145
71,2026,0.986293777601505,0.729898645226213
72,2007,0.559163953441079,3.41140508709504
72,2008,0.37304019116625,3.73049457661611
72,2009,0.271688709428903,4.07888085569272
72,2010,0.23589699134034,3.29048585235836
72,2011,0.217918006208925,2.55368409255285
72,2012,0.22583725040279,2.02758801239584
72,2013,0.245091330335054,1.65710984157868
72,2014,0.279441701448502,1.68825599195657
72,2015,0.323467355346507,1.17191328469809
72,2016,0.391765826687452,1.21692310929023
72,2017,0.49217768676131,1.25299612492685
72,2018,0.619029580121227,1.59312700820778
72,2019,0.706730570835747,1.1522143470629
72,2020,0.758063898429422,0.99809965606115
72,2021,0.812312576650417,0.867628982262237
72,2022,0.848334375873009,0.716449538554279
72,2023,0.825502905405185,0.933446926654405
72,2024,0.756469658829757,1.22273303819743
72,2025,0.766903467159406,1.32099125301054
72,2026,0.749568709203275,1.04420159056031
73,2007,0.572045446111721,3.0214766429137
73,2008,0.401085654291406,3.2555555269349
73,2009,0.293272270452987,3.7861863610053
73,2010,0.257731427832082,2.85649093385975
73,2011,0.231511431864625,2.11855577158741
73,2012,0.227786479523556,1.79035459561875
73,2013,0.240488002619883,1.2728421983628
73,2014,0.269322520060068,1.28202776625636
73,2015,0.318339506548226,1.14272960883895
73,2016,0.388734050960452,0.992893441840929
73,2017,0.485808566515585,1.03621714545406
73,2018,0.606794736360149,1.29671544790781
73,2019,0.712546697709817,1.12138340907502
73,2020,0.775698749558896,0.882373752003776
73,2021,0.829855888084371,0.817196116793654
73,2022,0.88370825778194,0.655596220210552
73,2023,0.866734327227751,0.83098401324671
73,2024,0.831125758200645,0.940699475245639
73,2025,0.870752760662358,1.12297289792335
73,2026,0.884841264119016,0.843406818879704
74,2007,0.804291156424083,3.28724973920821
74,2008,0.531604591371743,3.41018749067241
74,2009,0.38982006224037,3.85266338232448
74,2010,0.355676499890551,2.89899238642847
74,2011,0.325792299606066,2.47670270838001
74,2012,0.329500254271639,2.04126935727011
74,2013,0.364582249592375,1.50668685132958
74,2014,0.421653955859109,1.47073832698912
74,2015,0.464959204175548,1.13221998634248
74,2016,0.526286110942337,1.18732525371096
74,2017,0.654703692390411,1.24406441292515
74,2018,0.878930910525514,1.5784879635652
74,2019,1.06987809110665,1.17424006374364
74,2020,1.16657206041594,1.10271936558218
74,2021,1.31358351554053,0.893962610646906
74,2022,1.42044418883186,0.636084024207885
74,2023,1.37621299224035,0.830659025336256
74,2024,1.2237374019015,1.08715481278197
74,2025,1.14351282719267,1.06574441643573
74,2026,1.10726767437583,0.866012229623072
75,2007,0.483627770306101,3.29068717862115
75,2008,0.327045222821279,3.82950473671788
75,2009,0.247250356722989,4.02685033875848
75,2010,0.226861274099465,2.98440386925453
75,2011,0.207732458419787,2.21320285176218
75,2012,0.205613940430236,1.87293716139053
75,2013,0.226575631224469,1.47771715468513
75,2014,0.265432319168885,1.40359215514666
75,2015,0.303622507071645,1.08219230963415
75,2016,0.356254851631008,0.910741006106447
75,2017,0.44777429981129,1.26453554289162
75,2018,0.575599486371793,1.45968243314522
75,2019,0.688917717660532,1.17097865498602
75,2020,0.765041543846842,0.918719534451638
75,2021,0.813500328621548,0.826730126040594
75,2022,0.838244142668037,0.716158713320928
75,2023,0.805600187254773,0.906680579310318
75,2024,0.769349990544692,0.992036688174985
75,2025,0.753291835771216,1.14582908068726
75,2026,0.702662958598975,0.953064361043857
76,2007,0.435660943871882,3.36703878246238
76,2008,0.303330063245103,3.46067210956756
76,2009,0.230968982934375,4.00181750706453
76,2010,0.213616618513785,2.90356345117654
76,2011,0.194673530442684,2.26511948042836
76,2012,0.188852107582494,1.82463364022953
76,2013,0.198741788129808,1.5231546839836
76,2014,0.223779441473102,1.43901506194315
76,2015,0.252088787407726,1.11035350889046
76,2016,0.294455943031397,0.965510882369999
76,2017,0.368683295945712,1.2696242499511
76,2018,0.471654375458672,1.41908353760185
76,2019,0.565148496218662,1.20589279953597
76,2020,0.645672563855462,1.01578038401802
76,2021,0.737421942336147,0.981638151643886
76,2022,0.808193502266902,0.787115761406732
76,2023,0.804387557556942,0.862465956062462
76,2024,0.758509258504987,0.916758383263757
76,2025,0.781115102092091,1.0117374539702
76,2026,0.850966160061694,0.853488105748296
77,2007,0.592825548723535,3.72147684378054
77,2008,0.39252861247013,4.11842606667945
77,2009,0.302681370143702,4.29582879981095
77,2010,0.278264624005258,3.34105100443186
77,2011,0.240779315615599,2.91814927360751
77,2012,0.234225743804972,2.32298951623955
77,2013,0.265089086137118,1.71936760912855
77,2014,0.330033807802346,1.69168798545344
77,2015,0.390943268901276,1.15933344813299
77,2016,0.457482102628549,1.29657750162656
77,2017,0.599735121357699,1.44386435343581
77,2018,0.785955118642974,1.72647881655582
77,2019,0.918624174314839,1.30829703778699
77,2020,0.972518840861319,0.97049154138365
77,2021,1.03113972523751,0.820776388812229
77,2022,1.06867062979176,0.695969420922516
77,2023,1.03679014224951,0.950959195709472
77,2024,0.964264181371722,1.13265638593515
77,2025,0.961887919717079,1.37527600891285
77,2026,0.956242763800995,1.12821243848106
78,2007,0.338664476620186,3.77438535762011
78,2008,0.222824155498402,4.30021123291144
78,2009,0.170067887295514,4.38252345655681
78,2010,0.155133925902258,3.35734638270278
78,2011,0.135650229041298,2.57211112021011
78,2012,0.133222300400206,2.18882475663749
78,2013,0.14203765202655,1.78197928972764
78,2014,0.167083199604338,1.5644470245219
78,2015,0.209682919981193,1.26200730031295
78,2016,0.260111705763365,1.22175125871295
78,2017,0.33126589501648,1.35133537898283
78,2018,0.43829182114259,1.58078622014592
78,2019,0.537916295772984,1.17872961668072
78,2020,0.594593793093222,0.867358187897854
78,2021,0.64000983416329,0.794621367702182
78,2022,0.674777619242817,0.650513117218614
78,2023,0.658388622600113,0.808785514153494
78,2024,0.611156896517912,0.922299345396503
78,2025,0.628641235278052,1.01967690136437
78,2026,0.635761437356715,0.755614508579981
79,2007,0.484400133133423,3.3194332038614
79,2008,0.322047965830488,3.63558702663195
79,2009,0.25213716942383,3.67425085891403
79,2010,0.24695436295447,2.88810172395498
79,2011,0.229449102714326,2.20627180477269
79,2012,0.225530171309537,1.71672888191799
79,2013,0.234730341821114,1.31699204000801
79,2014,0.268070132335463,1.29375295587468
79,2015,0.314595958959627,1.03098608651159
79,2016,0.366232408119039,1.02876259178063
79,2017,0.459688291398405,0.982831392803702
79,2018,0.598588554725396,1.1568153630365
79,2019,0.733715566950993,1.02273003197608
79,2020,0.814484139483509,0.929961501914915
79,2021,0.886341277240904,0.790761142035011
79,2022,0.926766905214882,0.665378777804918
79,2023,0.888292868332304,0.840677750384946
79,2024,0.847209710340309,0.964282669913292
79,2025,0.890845554729596,0.966487400387039
79,2026,0.905876874682391,0.841943755502274
80,2007,0.38276249717672,3.46045608676904
80,2008,0.263241411001926,3.69356444104238
80,2009,0.198835883968077,4.06854451644472
80,2010,0.176028376784679,3.36860221008706
80,2011,0.152871333356778,2.83408327561501
80,2012,0.151061654879884,2.11166797199096
80,2013,0.169289916584832,1.72672997131908
80,2014,0.201907954814263,1.58986008487753
80,2015,0.232937580629834,1.22126510061508
80,2016,0.272614754512786,1.149589889062
80,2017,0.34963351605777,1.28010529623668
80,2018,0.449197899832319,1.71996192111463
80,2019,0.521590383498982,1.2224560095666
80,2020,0.568994766897272,1.01820259612213
80,2021,0.632260827152403,0.880120173710981
80,2022,0.664486572410174,0.746946018752165
80,2023,0.624192632737992,0.995869792333763
80,2024,0.584490873736926,1.14952306483557
80,2025,0.598758793589014,1.31279330378213
80,2026,0.614313690928508,0.89413303554288
81,2007,0.801454224669692,3.75386869997623
81,2008,0.534267173684949,3.87728576753073
81,2009,0.401415463166548,4.34262154801026
81,2010,0.367401130321074,3.21099732772206
81,2011,0.335790456205071,2.58989535990111
81,2012,0.335333783323197,2.23262077109314
81,2013,0.356434298138334,1.61783673253938
81,2014,0.406565842205039,1.57367175479609
81,2015,0.469531008088679,1.20547066854461
81,2016,0.567639936823205,1.28280578379262
81,2017,0.716129908955021,1.22073725105334
81,2018,0.890258164976977,1.46872904389984
81,2019,1.03865903020501,1.40101526117399
81,2020,1.1427002510587,1.02864948752935
81,2021,1.24718700643129,0.944038982529114
81,2022,1.33619366494468,0.69412572058784
81,2023,1.29839451636114,1.03036762770874
81,2024,1.18416392106019,1.16155178978933
81,2025,1.13084903285594,1.24286426161032
81,2026,1.12642933042845,1.01971845923858
82,2007,0.655304093201648,3.52552886850517
82,2008,0.450513158640824,3.38604759520566
82,2009,0.35130176112498,4.02872610627106
82,2010,0.326619768275325,3.41026761417183
82,2011,0.287923870200451,2.62901289685441
82,2012,0.281875591560907,1.99270926730851
82,2013,0.29900814045964,1.61588709345991
82,2014,0.333316855651142,1.36543046932495
82,2015,0.379902049872128,1.24224734799773
82,2016,0.453150193588534,1.13754489233008
82,2017,0.567545896402874,1.29709038929619
82,2018,0.73064768922316,1.58981464401295
82,2019,0.882165429144271,1.31117490219899
82,2020,0.97167013909587,1.04918114569625
82,2021,1.06487142319195,0.906377050062502
82,2022,1.1272588357936,0.701618882235931
82,2023,1.0852425635978,0.905465307510818
82,2024,1.07462172815023,1.04212454174701
82,2025,1.23771261662201,1.23570214183682
82,2026,1.31285448219611,0.860671354713742
83,2007,0.451858087169314,3.66054349989596
83,2008,0.316584047297666,3.79674354135388
83,2009,0.234479579342374,4.1300404592257
83,2010,0.211490836859134,3.15987290818634
83,2011,0.183991306944718,2.67405592861446
83,2012,0.185660603420799,2.10246670307715
83,2013,0.206410479876332,1.72636154444067
83,2014,0.242130627471128,1.58705928923317
83,2015,0.282083134524319,1.25093070499472
83,2016,0.336719856580353,1.15327715732327
83,2017,0.423699992460832,1.4434377786833
83,2018,0.562011312820947,1.59326553474931
83,2019,0.67727667947054,1.38626653482669
83,2020,0.740610779434318,1.05071285281423
83,2021,0.813440671766603,0.78742664419743
83,2022,0.850870799376881,0.690116685997325
83,2023,0.8339413615433,0.825569888742578
83,2024,0.770036420667289,0.951444533103728
83,2025,0.77154044026455,1.09851588145409
83,2026,0.815736749021593,0.806227723116111
84,2007,0.786714051080304,3.50374604176149
84,2008,0.532114098865132,3.7620163394352
84,2009,0.408193729058255,4.15720408516803
84,2010,0.373006518080286,3.26804528671252
84,2011,0.33357078536265,2.67009483267918
84,2012,0.327635220686856,2.12389257506162
84,2013,0.366026488340634,1.59805777728623
84,2014,0.436570939493013,1.44564288137697
84,2015,0.501464680077922,1.16212604031003
84,2016,0.573086718864894,1.04182550424847
84,2017,0.710812576154311,1.19200638220277
84,2018,0.924110890833748,1.62260279891096
84,2019,1.11860220984959,1.30633751725517
84,2020,1.21662072934134,1.08248085215424
84,2021,1.28597497611863,0.903542962480047
84,2022,1.35519452444159,0.740856642302023
84,2023,1.33785375457588,0.955130100643722
84,2024,1.29779531752842,1.07666156917662
84,2025,1.31022511423975,1.22875775807142
84,2026,1.31636162251134,1.0143606560156
85,2007,0.604590174259369,3.70309465517384
85,2008,0.411490393909626,3.80342950585011
85,2009,0.305008568196987,4.35506306690435
85,2010,0.270622062473047,3.61309338967955
85,2011,0.246158744765702,2.85084534412577
85,2012,0.247976479665075,2.29806702728246
85,2013,0.274023098704405,1.94685012255749
85,2014,0.326188066456668,1.71469676994919
85,2015,0.383111685726057,1.24527842865073
85,2016,0.462259257282967,1.20798676701255
85,2017,0.605475423401893,1.39941141763156
85,2018,0.780982189172143,1.66626880676352
85,2019,0.913801051626995,1.13188056762308
85,2020,0.988006273722184,1.0808295313642
85,2021,1.04509609589383,0.851750704867308
85,2022,1.06939321069892,0.683677525588863
85,2023,1.03011859014452,0.918255388843493
85,2024,0.964914567334482,1.09513820765675
85,2025,0.929480108574232,1.3511868582253
85,2026,0.915205903527088,0.913215720748824
86,2007,0.545832697540755,3.68043510978877
86,2008,0.366092545967804,4.1147885212352
86,2009,0.271453231097887,4.55571796392837
86,2010,0.249971389333944,3.61048414463366
86,2011,0.223128226647339,2.88202641877362
86,2012,0.218010096386155,2.30061749438532
86,2013,0.236535502657613,2.0981985465802
86,2014,0.27885703568068,1.71135419338822
86,2015,0.325964497342387,1.3419659372136
86,2016,0.381750527707841,1.40281300820255
86,2017,0.498707751583124,1.52306127010426
86,2018,0.654995104397142,1.8130838018447
86,2019,0.780274853131914,1.37060067708005
86,2020,0.868464052287582,1.0857724489106
86,2021,0.947461280231937,0.964084350265266
86,2022,0.998027453523563,0.768090958410041
86,2023,0.989348884819817,0.8802253911012
86,2024,0.935366915897358,1.04082021843715
86,2025,0.969340492357773,1.10364294667199
86,2026,1.05315702805117,0.924063269654187
87,2007,0.576456866544155,3.49582326487037
87,2008,0.385760756491327,3.67905479269089
87,2009,0.310670339217943,4.16657713191317
87,2010,0.282556395552396,3.09613755411967
87,2011,0.254235706994415,2.69758603611173
87,2012,0.252988514228671,2.21521697887163
87,2013,0.273743684405771,1.75072695418738
87,2014,0.315117875684464,1.51232340165852
87,2015,0.368098355436828,1.11590979064541
87,2016,0.446187414076907,1.09499846203308
87,2017,0.567908049284621,1.24515525182462
87,2018,0.751305896549226,1.60783870049531
87,2019,0.897323258749973,1.19001166623881
87,2020,0.978805959160992,1.10217118815997
87,2021,1.07480450421482,0.840550483632156
87,2022,1.13819282440585,0.715329489482808
87,2023,1.09893986934059,0.935701351880008
87,2024,1.00026876836017,1.01210623099075
87,2025,0.973235613034744,1.10772555592152
87,2026,0.985083944309313,0.861233197052219
88,2007,0.48805273864166,3.68599145742879
88,2008,0.323851618506402,4.21407535178817
88,2009,0.24981583570116,4.22469303669668
88,2010,0.223727820778359,3.57387453949715
88,2011,0.205930090422647,2.74208159939859
88,2012,0.205507987006154,2.52190641249286
88,2013,0.220024296966522,1.99583781033171
88,2014,0.256857156734515,1.74854556367237
88,2015,0.305333999447218,1.31451132070489
88,2016,0.374822051607636,1.20427868795259
88,2017,0.478619016394959,1.40290073975561
88,2018,0.623572509850043,1.73071040833607
88,2019,0.74167762400878,1.41288215414799
88,2020,0.800637665270834,1.00025598169986
88,2021,0.886989616255954,0.8646527883368
88,2022,0.937644917354464,0.706589841778295
88,2023,0.886917338273678,0.880436476829782
88,2024,0.806774065966091,0.939917065775527
88,2025,0.792399420850984,1.32523865227327
88,2026,0.829931931487412,0.983453536791811
89,2007,0.319322337180104,3.77989595055076
89,2008,0.214446503346987,3.83077882482007
89,2009,0.160185606030044,4.27802475490081
89,2010,0.144816451378374,3.40916956952402
89,2011,0.139399953921223,2.53272311452195
89,2012,0.143798056623107,2.06456097479886
89,2013,0.150270600754293,1.82574824577371
89,2014,0.170888612177168,1.72093732995736
89,2015,0.202077848031477,1.29600573234544
89,2016,0.245382933460991,1.05754703050632
89,2017,0.30232697822733,1.17970393408998
89,2018,0.387277775237767,1.75759867784894
89,2019,0.463083638358699,1.21587517416251
89,2020,0.518626493862289,0.977657441422627
89,2021,0.584249305904807,0.830928310562439
89,2022,0.635299032435335,0.668455754594868
89,2023,0.620975166766624,0.814791514295408
89,2024,0.594093489714303,0.897775552997313
89,2025,0.63648955024783,0.918969901434025
89,2026,0.663382881465484,0.654961039065705
90,2007,0.477349761923411,3.87067249965426
90,2008,0.333097052552554,3.91342692338647
90,2009,0.258581034663217,4.07333305264957
90,2010,0.234740448668199,3.34401106119466
90,2011,0.223944579429785,2.50313715781621
90,2012,0.227022908400167,2.05128992414814
90,2013,0.240901310062269,1.57926350074059
90,2014,0.281024673009865,1.50807255658825
90,2015,0.329120585725997,1.12079773287036
90,2016,0.382517053059771,1.16061554608404
90,2017,0.461289767995999,1.26478030040278
90,2018,0.591448298435096,1.5604732919813
90,2019,0.706069464307707,1.37974926193807
90,2020,0.775125196353812,0.928320479406773
90,2021,0.838092926863135,0.869818048251611
90,2022,0.880549206395022,0.731045142818419
90,2023,0.847110735353522,0.982901743844071
90,2024,0.808733206678615,1.06625522332412
90,2025,0.905667642194769,1.136791581073
90,2026,0.991949125884879,0.933978551610963
91,2007,0.635467965853744,3.24069640136733
91,2008,0.433921171682702,3.57910317191061
91,2009,0.335228412284609,3.98914572111651
91,2010,0.312585417808086,2.90446218839613
91,2011,0.281926837777344,2.2135804541139
91,2012,0.272131543898696,1.87667610071701
91,2013,0.289231919620646,1.47805120568578
91,2014,0.34327331473952,1.3446041457608
91,2015,0.401425974049714,1.00331968242336
91,2016,0.474559569614102,0.995903512238979
91,2017,0.616551666812389,1.0605306668172
91,2018,0.792546195244006,1.24711446543441
91,2019,0.927760914811467,1.05862404317501
91,2020,1.0176827473316,0.846848382327868
91,2021,1.10943257483613,0.739828114679737
91,2022,1.16200984944392,0.680158354718594
91,2023,1.1366421077265,0.808292937199981
91,2024,1.10886520658154,1.01906814013319
91,2025,1.24180010598922,1.01115073402827
91,2026,1.32357184011666,0.74214421973832
92,2007,0.844600608818985,2.95696983509296
92,2008,0.577977866987782,3.34753560824083
92,2009,0.431762674373557,3.55892084944343
92,2010,0.385877372270984,2.87516678572719
92,2011,0.356814301557262,2.20805411259643
92,2012,0.33649654156813,1.73620090134662
92,2013,0.36076191275498,1.31961086432893
92,2014,0.428967981953036,1.32135713091509
92,2015,0.517037565468157,0.98340353732467
92,2016,0.612591387199227,0.953108515812706
92,2017,0.76524172683439,1.04640864242915
92,2018,1.00674684607496,1.18757855566025
92,2019,1.21649586668885,1.15178277730943
92,2020,1.33674551145791,0.780635087472771
92,2021,1.43827807146323,0.779793710643916
92,2022,1.49554330918837,0.628387140867863
92,2023,1.42028345362552,0.827863119732451
92,2024,1.28307530376598,0.930630221406563
92,2025,1.20355202810959,1.16665024353571
92,2026,1.17711492999533,1.06962867982447
93,2007,0.38154514771945,3.26348539202706
93,2008,0.252836778409039,3.90544771367229
93,2009,0.189557411024908,3.9833102577032
93,2010,0.179740213868659,2.91557297453593
93,2011,0.166670595676518,2.20224223897769
93,2012,0.156666604068883,2.24078669772966
93,2013,0.166299004575365,1.35853066528624
93,2014,0.186268030659063,1.31180031894696
93,2015,0.207305880608978,1.10620260561888
93,2016,0.246146140786678,1.21754443883485
93,2017,0.307136027515322,1.30211546315624
93,2018,0.38854644349358,1.42427484679188
93,2019,0.478067934045377,1.30139933174159
93,2020,0.53225730406261,1.08600461142104
93,2021,0.574558755545398,0.990039155342132
93,2022,0.609225608140802,0.724662847193749
93,2023,0.587030032152619,0.96306139335833
93,2024,0.544747559785213,1.10633745836877
93,2025,0.554866424985946,1.27276016311447
93,2026,0.59799696414066,1.1280825979873
94,2007,0.51164264652005,3.50351807374311
94,2008,0.345110227313324,4.13281457676671
94,2009,0.252076665255489,4.46203578497274
94,2010,0.238755575946192,3.07797964775865
94,2011,0.224827010251453,2.36294609428318
94,2012,0.220450287531591,2.06501241182453
94,2013,0.231911342003564,1.63539573059051
94,2014,0.265072320786873,1.45304286039354
94,2015,0.309568519648028,1.16018888834537
94,2016,0.366189657888103,1.18565993632059
94,2017,0.451019395997801,1.18549830065327
94,2018,0.574853457169805,1.59715545654217
94,2019,0.674505619084247,1.30874154589372
94,2020,0.737943510192369,1.03322120270431
94,2021,0.814715507960906,0.897725889396627
94,2022,0.862790032006774,0.700958058015239
94,2023,0.836179673579796,0.894057997861338
94,2024,0.819932573013961,1.03779597840441
94,2025,0.81889697041402,1.1588517579825
94,2026,0.79296929973449,0.942310768182416
95,2007,0.570901568400615,3.78174828158837
95,2008,0.383261086853768,4.27188525228862
95,2009,0.277469839270881,4.57290468733505
95,2010,0.256418341770027,3.3643174447322
95,2011,0.241804811986708,2.61122509945964
95,2012,0.246764674871134,2.3647520761957
95,2013,0.261232036509846,2.08591005009874
95,2014,0.297903817419236,1.63759964119466
95,2015,0.344541309581174,1.3372580155896
95,2016,0.407654743616147,1.25435126923787
95,2017,0.52868032501226,1.47315134959947
95,2018,0.702763300562107,1.56122101949141
95,2019,0.840501320604552,1.45231300006978
95,2020,0.945740742383079,1.02153397040026
95,2021,1.05396593592448,0.941797245822723
95,2022,1.12626004331176,0.709548706709006
95,2023,1.08587493459386,0.91480857898497
95,2024,1.01335418446551,0.910407588337542
95,2025,1.00201712039558,1.08068680693069
95,2026,0.974655757596063,0.76977984357246
96,2007,0.526156633957244,3.62174292251869
96,2008,0.332008094363495,4.20373094562955
96,2009,0.25013987408672,4.33187343170914
96,2010,0.229796121026638,3.3211631804256
96,2011,0.211547423678213,2.7318832848174
96,2012,0.215366550630968,2.42957367624695
96,2013,0.237166921011511,1.63616189013578
96,2014,0.270474999600976,1.74991826676386
96,2015,0.313783841728247,1.27566237551216
96,2016,0.369460270798533,1.13678718506755
96,2017,0.461602460230968,1.19540793601898
96,2018,0.617055018866286,1.54824655554396
96,2019,0.740085260283711,1.34793581237352
96,2020,0.815676940971338,1.02934810192665
96,2021,0.896318611816373,0.924217017407342
96,2022,0.957768306969231,0.722050464815484
96,2023,0.945448171528265,0.876214240948031
96,2024,0.895668670030739,0.906528426463344
96,2025,0.913659978928657,0.931878259237689
96,2026,0.968871958448589,0.824945416282744
97,2007,0.561318393104358,3.40957231358443
97,2008,0.372511930172212,4.03411395832781
97,2009,0.282210227241081,4.33686887619647
97,2010,0.260293119272017,3.45582285149505
97,2011,0.23506044146124,2.67942846832032
97,2012,0.240828264312339,2.06600304121565
97,2013,0.264105328366735,1.66274493430258
97,2014,0.300630747322944,1.50764793625558
97,2015,0.351116216060664,1.12737286933724
97,2016,0.417093425734021,1.14601302613144
97,2017,0.521941553141019,1.31225589631525
97,2018,0.654488535833218,1.65135757892953
97,2019,0.743804696072249,1.38361184638775
97,2020,0.790105089484801,0.937224507455608
97,2021,0.822313924279378,0.903071776514741
97,2022,0.82426180222185,0.777240729332632
97,2023,0.781953088786721,0.984765188689284
97,2024,0.729696118663672,1.12854172479332
97,2025,0.695044313836401,1.66008999004916
97,2026,0.618328247293548,1.70474742035521
98,2007,0.575631361276508,3.6133746802768
98,2008,0.395692397532951,3.67053934479873
98,2009,0.311567557189826,4.17955460639331
98,2010,0.296205166083147,2.98989890794971
98,2011,0.273938198457161,2.31684637575622
98,2012,0.264233793660655,1.89209248092824
98,2013,0.267390266730307,1.65858174302858
98,2014,0.307469475205521,1.36938896197788
98,2015,0.359701271655339,1.07432467935523
98,2016,0.431948507158228,1.24690029265007
98,2017,0.580076088666562,1.16962363919182
98,2018,0.758488479373265,1.33882758277109
98,2019,0.865361924468633,1.21218420619259
98,2020,0.933604405596457,0.966926867625417
98,2021,1.03110342565656,0.809274566835508
98,2022,1.09326294653928,0.708258863326141
98,2023,1.08239194662727,0.830899878849507
98,2024,1.02347389360119,0.948835282611195
98,2025,1.04903732571069,1.05707740387741
98,2026,1.07974710884399,1.00768881541871
99,2007,0.627312868404081,3.31306123372164
99,2008,0.424975698854928,3.71294354204217
99,2009,0.321132923216901,4.09317444139273
99,2010,0.294384199186753,2.92679848156096
99,2011,0.273166168716823,2.33717665249173
99,2012,0.273483084613989,2.09262176693618
99,2013,0.295091296484193,1.64926702550272
99,2014,0.344000279431221,1.43320102022696
99,2015,0.394331976217677,1.15703322892203
99,2016,0.462581348136373,1.06807184215023
99,2017,0.575667504108406,1.18889132587792
99,2018,0.7390325375507,1.47408102395687
99,2019,0.888422602237324,1.30272041109989
99,2020,0.988884941638915,0.88173307628519
99,2021,1.06440293300551,0.776742014874095
99,2022,1.10015820237125,0.693650866459265
99,2023,1.05594332316987,0.913208956782264
99,2024,0.964431302089856,1.0631695757364
99,2025,0.993355841177428,1.1336944146948
99,2026,1.03237227735593,0.905104975602944
100,2007,0.443034178191189,3.1454863765383
100,2008,0.28860978011454,3.60897193916452
100,2009,0.223912822087076,3.7827914119958
100,2010,0.190260621437807,3.34650765231286
100,2011,0.171826009678567,2.3928601568958
100,2012,0.175365464870147,2.16578987286705
100,2013,0.187453635144588,1.73903279060773
100,2014,0.214255669850716,1.56265639604297
100,2015,0.254807922198662,1.20212134362754
100,2016,0.31291022668939,1.24284582290706
100,2017,0.397307191250671,1.43432530631131
100,2018,0.518871477137906,1.54268534131762
100,2019,0.625732849125156,1.28157166953811
100,2020,0.69283527395006,0.971992336667442
100,2021,0.771502676979148,0.836728531093969
100,2022,0.826199366110222,0.699485049382529
100,2023,0.798658778877009,0.866129218296807
100,2024,0.765443382770117,0.883300628702808
100,2025,0.76579744996185,1.01044548695368
100,2026,0.746710673203404,0.834343941105932
