set,om,biol,code,CMP,median_C,median_IACC,median_SBMSY,q25_C,q25_IACC,q25_SBMSY,q75_C,q75_IACC,q75_SBMSY
reference,Reference OM,CJM,tun29,HS+20,1894.66571853511,3.48211570840829,1.51678317188188,1196.53105219288,5.32021816046502e-07,0.842013146415439,1999.99998704163,10.4704931749695,2.4203319152517
reference,Reference OM,CJM,tun43,HS-20,1904.77982369591,3.49955563884474,1.47262518182246,1128.66533472531,5.29327675025115e-07,0.796718742536709,1999.99998667802,10.5446144293529,2.38786923147252
reference,Reference OM,CJM,tun45,HSsym,1902.54937963254,3.26995301199252,1.49020376631955,1157.68033863985,5.4142118122158e-07,0.819302662313497,1999.99998709588,10.0552403038314,2.41897037669466
robustness,Recruitment cycle (om11_3),CJM,tun29,HS+20,1612.89052969801,7.31587147924047,1.04421437018315,957.10764446951,1.92774052542093,0.559016968150215,2031.85691409112,11.4968124735002,1.78610425045236
robustness,Recruitment cycle (om11_3),CJM,tun43,HS-20,1581.47373690225,7.18704340400241,1.01612959049799,891.829156526189,1.92506942326757,0.520413495102406,2033.06799308772,11.5829197264028,1.75626885386568
robustness,Recruitment cycle (om11_3),CJM,tun45,HSsym,1600.22884173205,7.04966497350257,1.04576783287073,939.794410406767,1.93200706071437,0.544191188835443,2032.43160356663,11.0429327338675,1.79265378600688
robustness,Recruitment crash (om11_2),CJM,tun29,HS+20,1492.88207436979,8.87782336056823,1.12610664711449,984.424456255648,3.99035487887972,0.648861648294231,1956.7842070606,12.3915746842577,1.74639863979504
robustness,Recruitment crash (om11_2),CJM,tun43,HS-20,1429.42784096699,8.94732256588016,1.1063615279469,922.068740764279,3.3605465863512,0.620308979168843,1972.53532745105,12.4384351576997,1.7085040304337
robustness,Recruitment crash (om11_2),CJM,tun45,HSsym,1455.52104136795,8.71991510680601,1.12201056764393,958.375023466722,3.70013134297285,0.625449904672195,1972.22200156104,11.8726956370784,1.73294876957496
