mp,statistic,metric,value,display_value,direction,relative_badness,relative_preference,metric_min,metric_max,years,summary,code
HS+20 (MP29),SBMSY,SB / SB[MSY],1.51678317188188,1.52,higher is better,0,1,1.45060361138065,1.51678317188188,2041-2050,Median across iteration-specific 2041-2050 means,tun29
HS-20 (MP43),SBMSY,SB / SB[MSY],1.47262518182246,1.47,higher is better,0.667245139208739,0.332754860791261,1.45060361138065,1.51678317188188,2041-2050,Median across iteration-specific 2041-2050 means,tun43
HSsym (MP45),SBMSY,SB / SB[MSY],1.49020376631955,1.49,higher is better,0.401625598009665,0.598374401990335,1.45060361138065,1.51678317188188,2041-2050,Median across iteration-specific 2041-2050 means,tun45
HS+20 (MP29),FMSY,F / F[MSY],0.852995166476652,0.85,lower is better,0,1,0.852995166476652,0.902072836237866,2041-2050,Median across iteration-specific 2041-2050 means,tun29
HS-20 (MP43),FMSY,F / F[MSY],0.899896924605787,0.90,lower is better,0.955663917161001,0.0443360828389989,0.852995166476652,0.902072836237866,2041-2050,Median across iteration-specific 2041-2050 means,tun43
HSsym (MP45),FMSY,F / F[MSY],0.864687974210474,0.86,lower is better,0.238251078152514,0.761748921847486,0.852995166476652,0.902072836237866,2041-2050,Median across iteration-specific 2041-2050 means,tun45
HS+20 (MP29),C,Catch,1894.66571853511,1895,higher is better,0.80305145574121,0.19694854425879,1877.72825605893,1963.72768570653,2041-2050,Median across iteration-specific 2041-2050 means,tun29
HS-20 (MP43),C,Catch,1904.77982369591,1905,higher is better,0.685444801810601,0.314555198189399,1877.72825605893,1963.72768570653,2041-2050,Median across iteration-specific 2041-2050 means,tun43
HSsym (MP45),C,Catch,1902.54937963254,1903,higher is better,0.711380369901062,0.288619630098938,1877.72825605893,1963.72768570653,2041-2050,Median across iteration-specific 2041-2050 means,tun45
HS+20 (MP29),IACC,IACC,3.48211570840829,3.5,lower is better,0.0294616872974179,0.970538312702582,3.26995301199252,10.4712614188724,2041-2050,Median across iteration-specific 2041-2050 means,tun29
HS-20 (MP43),IACC,IACC,3.49955563884474,3.5,lower is better,0.0318834597658477,0.968116540234152,3.26995301199252,10.4712614188724,2041-2050,Median across iteration-specific 2041-2050 means,tun43
HSsym (MP45),IACC,IACC,3.26995301199252,3.3,lower is better,0,1,3.26995301199252,10.4712614188724,2041-2050,Median across iteration-specific 2041-2050 means,tun45
HS+20 (MP29),VB2025,VB / VB[2025],4.78859506768834,4.79,higher is better,0.507374533837074,0.492625466162926,4.6280451318954,4.95395182332869,2041-2050,Median across iteration-specific 2041-2050 means,tun29
HS-20 (MP43),VB2025,VB / VB[2025],4.6280451318954,4.63,higher is better,1,0,4.6280451318954,4.95395182332869,2041-2050,Median across iteration-specific 2041-2050 means,tun43
HSsym (MP45),VB2025,VB / VB[2025],4.8137255090581,4.81,higher is better,0.430265219943458,0.569734780056542,4.6280451318954,4.95395182332869,2041-2050,Median across iteration-specific 2041-2050 means,tun45
HS+20 (MP29),VBMSY,VB / VB[MSY],0.802133759196333,0.80,higher is better,0.235432394892783,0.764567605107217,0.75965763874634,0.815213380535892,2041-2050,Median across iteration-specific 2041-2050 means,tun29
HS-20 (MP43),VBMSY,VB / VB[MSY],0.75965763874634,0.76,higher is better,1,0,0.75965763874634,0.815213380535892,2041-2050,Median across iteration-specific 2041-2050 means,tun43
HSsym (MP45),VBMSY,VB / VB[MSY],0.793304632742685,0.79,higher is better,0.394356138312369,0.605643861687631,0.75965763874634,0.815213380535892,2041-2050,Median across iteration-specific 2041-2050 means,tun45
HS+20 (MP29),SB0red,P(Kobe red),0.2818,28.2%,lower is better,0.70873786407767,0.29126213592233,0.238,0.2998,2041-2050,Proportion across all 2041-2050 iteration-years,tun29
HS-20 (MP43),SB0red,P(Kobe red),0.2998,30.0%,lower is better,1,0,0.238,0.2998,2041-2050,Proportion across all 2041-2050 iteration-years,tun43
HSsym (MP45),SB0red,P(Kobe red),0.2874,28.7%,lower is better,0.799352750809061,0.200647249190939,0.238,0.2998,2041-2050,Proportion across all 2041-2050 iteration-years,tun45
HS+20 (MP29),PC270,P(catch < 270 kt),0.0412,4.1%,lower is better,0.517543859649123,0.482456140350877,0.0294,0.0522,2041-2050,Proportion of 2041-2050 iteration-years with catch below 270 kt,tun29
HS-20 (MP43),PC270,P(catch < 270 kt),0.0468,4.7%,lower is better,0.763157894736842,0.236842105263158,0.0294,0.0522,2041-2050,Proportion of 2041-2050 iteration-years with catch below 270 kt,tun43
HSsym (MP45),PC270,P(catch < 270 kt),0.0522,5.2%,lower is better,1,0,0.0294,0.0522,2041-2050,Proportion of 2041-2050 iteration-years with catch below 270 kt,tun45
HS+20 (MP29),Creduction,Mean catch reduction,2.25699315259484,2.3,lower is better,0.056758555623682,0.943241444376318,2.09767507138905,4.90461896654535,2041-2050,Median across iteration-specific 2026-2050 mean reductions,tun29
HS-20 (MP43),Creduction,Mean catch reduction,2.21435130338251,2.2,lower is better,0.0415669982555754,0.958433001744425,2.09767507138905,4.90461896654535,2041-2050,Median across iteration-specific 2026-2050 mean reductions,tun43
HSsym (MP45),Creduction,Mean catch reduction,2.09767507138905,2.1,lower is better,0,1,2.09767507138905,4.90461896654535,2041-2050,Median across iteration-specific 2026-2050 mean reductions,tun45
HS+20 (MP29),CatchDrop20,Advice reductions >19% (%),0,0.0%,lower is better,0,1,0,0.206,2026-2050 (advice comparisons 2025-2049),Proportion across all valid consecutive saved HCR-advice comparisons and all iterations; advice falls strictly more than 19%; no biomass or near-20% exclusions; first advice compared with saved HCR initialization,tun29
HS-20 (MP43),CatchDrop20,Advice reductions >19% (%),0.06088,6.1%,lower is better,0.295533980582524,0.704466019417476,0,0.206,2026-2050 (advice comparisons 2025-2049),Proportion across all valid consecutive saved HCR-advice comparisons and all iterations; advice falls strictly more than 19%; no biomass or near-20% exclusions; first advice compared with saved HCR initialization,tun43
HSsym (MP45),CatchDrop20,Advice reductions >19% (%),0,0.0%,lower is better,0,1,0,0.206,2026-2050 (advice comparisons 2025-2049),Proportion across all valid consecutive saved HCR-advice comparisons and all iterations; advice falls strictly more than 19%; no biomass or near-20% exclusions; first advice compared with saved HCR initialization,tun45
HS+20 (MP29),SSBbelow8dB0,SSB <8% dynamic B0 (%),0.0644,6.4%,lower is better,0.623376623376623,0.376623376623377,0.0452,0.076,2041-2050,Proportion of valid 2041-2050 iteration-years with SSB strictly below 8% of dynamic unfished SSB (previous Blim),tun29
HS-20 (MP43),SSBbelow8dB0,SSB <8% dynamic B0 (%),0.0704,7.0%,lower is better,0.818181818181818,0.181818181818182,0.0452,0.076,2041-2050,Proportion of valid 2041-2050 iteration-years with SSB strictly below 8% of dynamic unfished SSB (previous Blim),tun43
HSsym (MP45),SSBbelow8dB0,SSB <8% dynamic B0 (%),0.076,7.6%,lower is better,1,0,0.0452,0.076,2041-2050,Proportion of valid 2041-2050 iteration-years with SSB strictly below 8% of dynamic unfished SSB (previous Blim),tun45
