"file","bytes","sha256"
"archive/september-12-history.zip",1704583,"e40b6c2cbffe430ca50a430bc6e87803257e2b03157481e520904996f723e039"
"data/assessment/config/h1_1.06.ctl",3269,"2c4e3e3c0269a1653915cac8688421a84e8fa27bbd2c1d7bb16a16cfc26657f0"
"data/assessment/config/h1_1.06.ls.ctl",3227,"7aba9d8b81c3c612811f7d0ab2aa99c5b75f01fef439fef66d03c628000d4d37"
"data/assessment/config/h2_1.06.ctl",3723,"80f650195cd8371892f49a7137cacb397afa1a013c1048e24ce9c8ab87a4727a"
"data/assessment/config/h2_1.06.ls.ctl",3683,"4b578b9cf9a3bd729e336b6ce5ecd6a5a91209a5f95d67587f5ed861dd6a12f0"
"data/assessment/data/SC14_runs.csv",1910,"c3bb6869216aebb2a4dcc8f4a62231f6430c0d5f4c277c3e17ed87604ddc716d"
"data/assessment/input/1.06.dat",99681,"6b65fad6aff0340e04b792d687571587c9ca3c66c8c197faa2aec725ef38c844"
"data/assessment/results/h1_1.06_1_R.rep",367538,"540c0ee9c07aabee0b699b3fb4ad68c7fd6b5af2d402b505f978e33d47afc4de"
"data/assessment/results/h1_1.06_retrospective.RData",32739,"1526f457ca3c16bf8aa5fe719ec329c280296d878b84aa1446ca8cb4c179bee9"
"data/assessment/results/h1_1.06.ls_1_R.rep",367139,"473596c3826028bc76badd94111e628cbdd9d77d5faa13dff9cce177e8ddd3a3"
"data/assessment/results/h1_1.06.ls.par",44799,"a3ebe7bb0989c63493dd97b2f951329ca7d2077ea686e4537518ade41a16dbe2"
"data/assessment/results/h1_1.06.ls.yld",24670,"43d3dbd2f76eb1e2c745fec5d4423c4d516318c51b2ed6c0388d63880a545eca"
"data/assessment/results/h1_1.06.par",44797,"5daa615d5041415a376f349f7f7f54d042dd5bef6b073b408f9b437935b65818"
"data/assessment/results/h1_1.06.yld",24662,"8f32db9960f1cb204f0223cfc9b269bd4734d4b389554747016d5397a30e0eaf"
"data/assessment/results/h2_1.06_1_R.rep",260582,"b56bdeacb1b3e4b00de3fc18e9086b8f9e5585d30cb52865a1ec3b1173b5379f"
"data/assessment/results/h2_1.06_2_R.rep",187908,"66f0fbae938172b06b0f9d4ce1064ab48f7b49cb39613baeb821e3a6edb8c628"
"data/assessment/results/h2_1.06_retrospective.RData",44383,"7f2a2b2b7bbc0271f1235f5d8f3790926042034adef3d18eb803c824d0f1c313"
"data/assessment/results/h2_1.06.ls_1_R.rep",260391,"dc1518e289feec794dc1ca5421c585d807c64f485f38b61a4e572535e4e3f29e"
"data/assessment/results/h2_1.06.ls_2_R.rep",187866,"bb571c30e4c6f7883c0abec002edb1330fb768ec79a3bec3640c66dc761f6d8b"
"data/assessment/results/h2_1.06.ls.par",45890,"0a6f761012458cfec42bcbadf843c72f991cb99ac475f3cc2270f38d98fb4706"
"data/assessment/results/h2_1.06.ls.yld",51324,"f9435cdac71dc8a2b6a2e2dad000e7af9ee7efea1ed8d60d5dd33502df14f87c"
"data/assessment/results/h2_1.06.par",45910,"eb887be18aa689f0cebadfe336f0c466cc5644167cc947b1ba95b9860db7ecd4"
"data/assessment/results/h2_1.06.yld",51353,"3f32c2ad0eff64b2052dd6d963f49311625903b73b4fa1eb780eb08cee093b20"
"data/assessment/results/mod_preBM_h1.Rdat",230480,"63f1bfa49d8fbfedb59bb33d1a491406ee72fa8f471ef6c8fe6b3af8280e7873"
"data/assessment/results/mod_prev_h1.Rdat",222014,"21f32023b5c41545a0bcb4f8699f07c45b624a4139a0d5a3326267228b3218ed"
"data/projections/h1_1.06.ls_1_R.rep",370040,"782df0f4f4b2f146a6ea3b05440776124c5d2cd0afdd8a197607928deed3e507"
"data/projections/h1_1.06.ls-hessian.log",703,"b5e0ae34626af6038a34563e2ed94dc2485a3c2a75a9a54c217c458133bcbbe8"
"data/projections/h1_1.06.ls-model.ctl",3228,"6fc97ff86343bf9808a8b567d528c49dae90e4febdf1afcdafb8d7917820d697"
"data/projections/h1_1.06.ls-start-10yr.par",44869,"671477134b4919730baff6d3dd3f0a65b0739ce1dfe56da39d175134899f49ff"
"data/projections/h2_1.06.ls_1_R.rep",263286,"d0feb6ed78001256257964743387b0aaa05b3171b3e38ea48cf73b0553a4ef9c"
"data/projections/h2_1.06.ls_2_R.rep",190775,"1815ac1f4109b0e4b76e9f125c31d3d53af30ffbd4d81b2df4cead084311cc66"
"data/projections/h2_1.06.ls-hessian.log",708,"436fda45c4b7b4678556d21b75f62f98a6829b34e25508cf73b366f6b2cc85a8"
"data/projections/h2_1.06.ls-model.ctl",3684,"e2c5c7d9c70b96161ffb2b68d5388c64da1129b7005c6dde824de0f479046398"
"data/projections/h2_1.06.ls-start-10yr.par",46030,"35b0d9475f1d4f31809a1286550ed526b389f70fdaa9790bbe64b4cb89e5a2eb"
"data/projections/html-validation.json",323,"97074b25147137ed131c077fbc1817468c7dabc7b02701ea4167f171b1abe624"
"data/projections/manifest.json",3589,"d24b83bd301a3fb7bb6bad6d52ebeaea1e79e1c547b360ff9619b8e9ae3a79ed"
"data/projections/model-validation.json",14800,"94eb888ff78e693ea53c9ac9bf9dcaae766d24c99c76cefef5f7914f69500bb6"
"data/projections/reference-values.csv",816,"0fd1d6d44a9111a8e9894689b6ad325ff132b9d812a4831b54c514df5987b447"
"data/projections/risk-data.csv",15397,"a0c8a1cf48b2522f83b0967ca825e47f77243d80a94b89eea378e1ada88298be"
"data/SC13-Report-Annex-11-final.pdf",7137762,"17402a28e82c6b05588cebfbb752f4297dc008868854401f6f5008152d8555da"
"software/jjm.tpl",259246,"b3bef2d3147d967e679140be99d912119061f786c3e0eeea48f11801a31fe7bc"
"software/jjmR_1.2020.1.tar.gz",4435280,"9bd7c00c4b852f4da9ffd1178be0e1ba569f681d317f8899cc179bceac84f0ba"
"software/jjmR-installed-source-comparison.json",52791,"ca4149ffc13a278c84a5fa483cd77dfb7f07f8f2bb1fd111d9738ec06f176339"
"software/jjmR-source-manifest.json",25871,"a75f1ec6dff6987115cecde657564af3e25add09bea0402fa6b4beb2b254deed"
"software/jjmR-working-tree.patch",2515,"64815436b5143686807f87db0952bbfc855764fd4c1c6f7b4adc19d38d41c703"
